x1,x2,x3,y
0.2741475342770756,0.2306473627620924,-0.8863465563968667,-1.0096017730222013
-0.3724000430145038,0.6424292280347441,-0.0486231139892086,0.1823475388333461
-0.46589505684758703,-1.0,-0.733558757861124,-3.272655544098595
-1.0,0.8459852468472087,-0.3241562429773577,5.196241610577045
1.0,0.6828796241971311,0.1487581369150892,8.196500168776522
1.0,-0.07551370962488702,-0.36511803157655076,4.1525821893241455
-0.5430957879135634,0.9222830195266274,-0.9761348317588647,-2.4241869182607054
-0.580024468378949,-0.16572209992302445,0.2771051694472142,0.13791862383806336
-1.0,-0.3840209817146716,-0.8538264117382988,1.7962251867992307
-1.0,-0.9476714567132674,-0.6208217239206826,3.5824771892062683
-0.520876110056798,-0.6296594841440868,-0.09159574754004152,1.1683444336485012
0.18306451134040636,0.7237866262991455,0.1351737909017552,1.5709195313174993
0.46864877952108586,-1.0,-0.8685887164356405,-13.437337123578054
-0.9164997411679616,0.5618498534436964,-0.41983054158707467,-1.071275643507868
-0.4069729500733763,-0.2797092994546657,-1.0,-2.776090084614548
-0.46075837844881073,-0.7894710709519079,0.2517177138468818,2.368505711021706
1.0,-0.9613893225670627,0.014221239067626179,-5.250902693696759
1.0,-1.0,-0.1809178093086654,-8.689230735696594
-0.8053350045513921,1.0,0.9341781921235426,11.535365439161426
0.10623404354716204,-0.1888519197668852,1.0,-1.3647404917723565
0.8277971851232935,-0.14152408278167705,0.5437441757823875,3.83527833588181
0.2903762193157169,0.36909291226678853,1.0,2.0753004641901764
0.3544927712258863,0.10816913043437659,1.0,-0.23921291811140744
-0.5067108988966029,1.0,-0.5629404173766115,5.257465415871766
0.0015467173087695407,1.0,1.0,12.805151430395544
-0.9119247731085824,0.3730321574572788,1.0,4.192721800860224
0.6525603561457838,-0.31687974118599893,-0.714904672376897,1.7717315036276675
-0.4898215713478655,-0.211291359453897,0.28668369718632203,-0.9669300630330432
-0.12689446215716416,-0.9131431745384146,-0.11858936066125692,3.257980733146974
-0.44370357408663064,-0.8174868493864205,-0.44757597150441897,1.5718387269863945
0.7528885731808221,1.0,-1.0,14.339097863123694
-0.3962663718035684,-1.0,-0.14880543895733767,3.226898640329621
-0.20079552799658518,-0.8011883082613198,1.0,-2.4144387304373245
0.8440513152085463,-0.43559569449418545,-1.0,-4.410171762386748
0.7999459564305322,-1.0,1.0,-7.468600298791555
0.3896457923735599,0.12296639293030531,-0.7694125873359592,0.14101529724031148
-0.33890971108209134,-1.0,0.7543329375581134,-0.5131055488041211
0.868880573226747,-0.7195276918069975,-1.0,-8.245046111539285
0.10935337410402712,-0.8343378665250814,0.9543610276450656,-3.4766217730705766
-1.0,0.4360851018134626,-0.1347639450060405,-2.962387295562239
0.004618746608154423,-0.23117009491285812,-0.24014511249680082,0.7619261067479943
0.7602355197712707,0.5391890880289676,-0.42503959551787185,1.6953986227718998
-0.8266466232225609,0.3595151935721661,1.0,2.718470373498593
-0.07243282742652157,1.0,0.1686959381024784,7.284814598731632
-0.7380322699114221,0.8447972415074259,0.6373374264546983,0.8785781537168121
-0.9725157671782916,-0.15522757794115827,1.0,4.006103425456183
0.2303713487151966,-0.7589212905719085,0.46558882444173144,1.478935313065095
0.0880069158528376,1.0,-0.11980962800874018,9.301709190596279
0.2280344718853593,-1.0,1.0,-7.103576032405502
0.06511506144662782,1.0,-1.0,4.172334771866952
-0.9213469841028727,-0.5542242906736949,0.18500965470514275,0.8174181494037849
-0.04174726714274235,1.0,-0.5490291611772828,8.895629422189696
-0.2944983856771397,1.0,-0.18827675070593597,7.259764718692003
0.11468870868413195,-0.043808349565186644,-0.36666331049151557,1.3668566823117547
-0.3499129508872356,-0.626989070769641,0.3769369402031706,0.8422569791504764
0.14498202720826114,-0.12941068123747757,-0.7148707190328489,1.1748748050573998
-0.7065882796177889,0.6132292046123136,0.23369201967648423,-2.2705008678393823
-1.0,-1.0,0.32510369280038987,10.378558395999304
0.6460717715566973,-0.4848937449609316,-0.737555324773167,0.15384617643538556
-0.17053852213752618,-0.8764698242002085,-0.34608402705701113,2.5026131325350334
-1.0,1.0,0.631090623354633,0.8872607973149129
-0.0027399605460134424,-1.0,-0.6908788570522266,-3.226212669736591
0.6037907638385862,-0.7621004742900006,-0.9239664297876331,-6.710212926409543
1.0,1.0,1.0,26.65983105543233
-0.6882143490550907,0.6834923217347382,0.1829117581912989,-1.2841774898890672
0.11944712691302883,1.0,1.0,11.613333875246006
-0.007490113159150269,0.5675877200785218,-1.0,-4.344875031289557
-0.2260687207331178,-0.47204405023203466,-1.0,-4.13878132123085
-0.182043474730609,-0.3974094734356193,-0.7760703873452144,0.07792720256867952
-0.3435736685317967,-1.0,0.47839038921050836,2.697989776248583
1.0,-0.8106045950711942,1.0,-0.628459141026634
-0.635764717099897,1.0,-0.16526891010540878,3.841457941721701
0.4023609247279962,0.15404062418244546,0.8663282250232058,0.4731160842671682
-1.0,0.04272137529621789,-0.026706278348653356,-4.813686565605893
-0.2031053999390826,-0.5382885532073263,-0.27612567800495746,1.785098235785091
-1.0,-0.031473490012324135,-0.24340481751387633,-3.9448209693824055
-1.0,1.0,-0.633004794495154,12.200214115784194
1.0,0.45435677335194313,-0.5018073649083299,5.42109735658103
-0.4105340482187452,-0.5765409520948799,1.0,0.05055202942559062
0.10869187996666119,0.4302197652787534,-0.8767126046666087,-0.6515105948004387
-0.03414302062966357,-1.0,0.12726271935427946,2.1985292391601523
-0.9354722578190175,0.31986704421563417,1.0,3.6122168244899573
-0.11200613772898849,0.6958738605505215,0.837987189650216,3.4938772872227357
-0.5919971434387559,0.32052798345678624,-1.0,-0.637403752728586
0.09171267890143597,0.10344570355450089,-1.0,-3.119451099159189
0.4906866028885972,0.10494154890429219,0.05810454516544894,1.1015483307676248
-0.24554877737998448,-1.0,0.7145590339528354,0.007572426514440095
0.44858599043499847,-1.0,-0.09832251264668823,-0.6544929881343722
-0.883637881711635,0.12195317289602614,-0.6370284079900541,-0.2670661126481308
1.0,-0.91861796934975,-0.4282969648623005,-2.9076703441779657
0.44405535065658275,-0.36031185769038987,-0.1937822412181187,1.7389959862077347
-0.5697527862844873,-0.25378434022244467,1.0,1.87889486800763
0.29575442337610447,-0.3236075691523852,0.5509584504339984,0.28761084326890185
-0.05646829383486196,0.5356602707131766,0.9896841022838132,3.456431124695607
-0.47792483366622185,0.07228465980280996,-0.9626869174709514,0.057608534882415574
-0.9940678111775987,-1.0,0.7502344256660776,15.73392172956902
0.4261487146385947,-0.19809066721447288,-0.5039542165244728,1.2687179639830224
-1.0,0.014103161345489168,0.8307580563434815,-0.7759064585607095
-0.3176938929853148,0.5445478633811089,-0.34579832940416666,-0.5445180734661349
0.6088760370352382,-0.21398627189288377,1.0,-1.3419273244138248
-1.0,0.3518083270973318,0.861843415541806,-1.137894426899279
-0.30506520053283226,-0.7094030922736319,-0.516797176812122,0.610269079960105
0.5199609907012483,0.40318982152864646,0.28726735178428076,0.9409755658251138
-0.1098952681611145,0.11362229786570954,0.1503481109391427,0.639596561324487
1.0,0.3989217426916538,1.0,20.544547260954804
-1.0,0.46139749662809537,1.0,4.478446555428071
1.0,1.0,-0.006890940023235093,14.461305680451337
0.13066331198648817,-1.0,0.00670052831368162,2.844475919467704
-0.7995415320644086,-0.9047463513254737,-0.980842696832781,-1.5208054466569998
0.5631252126705717,0.17377363197174445,1.0,1.3029185007168322
-1.0,0.6886827678854535,-1.0,19.373965857111706
-0.35319844812842827,-0.10773496318856979,-0.11059745129605347,0.9402743676181127
-0.6322293030996657,1.0,0.41665638338247635,4.13714002222551
-0.052989437980157206,-0.7161152411060236,-0.6224931765140422,0.29536586848851704
0.4060683571741668,-0.48512046837250256,0.9648183561637762,-2.709453590983262
0.3960448893741513,-1.0,-0.9875651225519861,-19.061887673208737
-1.0,-0.30979982262481887,-0.21405647002199069,-2.7819147966792053
-0.15882462988764035,0.30613272166268923,0.4568044530833275,-0.24813679624223375
0.114210453644644,-0.9041202882118371,-1.0,-13.312958889999107
-0.6415717351734092,0.03608262249885086,-0.9010461429666223,1.7521137047606588
0.9550460999475636,0.07737175252143436,0.2517124994772062,4.250485710612219
-0.4828021436811001,-0.10011834877484938,1.0,1.3038984869873893
0.21337285832650643,0.2700320813711432,1.0,1.5711814710267062
-0.32984412488580084,-1.0,-1.0,-14.461828224743149
0.19208687941773195,1.0,-0.7472518615623447,10.331043271818046
-0.8586992566928511,-0.6457125923404563,-0.2328104727008351,3.255992130633407
-0.1042220759124528,0.2124893474273859,0.17959716911091506,0.3409389456935883
-0.1638888605958997,1.0,0.08409737972306042,6.849130853614271
-1.0,0.686606752795875,0.12102654066225038,-2.278929907929101
0.9827995397359093,0.8411712346481302,1.0,24.852373072630208
0.5707900013714238,1.0,1.0,9.79485252112478
0.7499783527338022,1.0,0.8572531899219231,11.260294362623886
-1.0,-0.5340263581911024,0.5072794465670476,0.9250416445057456
0.9373879657118478,1.0,0.7635200016490202,14.097901672495205
-0.4486124877007851,0.4548774869426355,1.0,3.9433817657196335
-0.29388473976962715,-1.0,-0.8318343634643592,-7.393775050868462
-0.33957357139510136,-1.0,-0.5661372307958483,-0.6806000567762485
-0.5300421011249559,0.38916442951954866,1.0,3.0466183225397914
0.019530309414149016,1.0,-0.7639615990956072,8.091377294369597
1.0,-1.0,-1.0,-29.581587370150373
0.9528666845694775,1.0,1.0,22.427216236876355
-0.23217619945563261,0.5147354107176545,-0.20211093547416792,-0.1349527954671763
-0.48159660388194614,-1.0,-0.3592780058718843,3.2217119421441467
-1.0,-0.8515098903185416,0.9911759399288598,17.719147239031507
-1.0,0.5074475634025015,0.574301020081561,-4.697573871037121
-0.8977192592412611,1.0,0.883925529302861,8.112476024198196
1.0,-0.9527471595962571,0.24111309034621486,-3.9521246435738853
-0.8833359440048507,-1.0,-0.14629063914242524,5.983461985560865
0.19205489030557876,-0.6110443458407349,0.8044538923320534,-0.23959099700067155
-1.0,-1.0,0.31150326068393963,10.232571544097462
0.1382155554908937,0.008466420494906313,0.6241406860373258,0.7039211972740549
-0.32657277068338786,-0.04705406647809274,-0.08567836421990194,-0.5641181590052566
0.4382559166929545,1.0,0.031184201130757927,8.14707688747766
-1.0,-1.0,0.08754543046400998,7.059078570929076
0.04173805155933019,1.0,-0.21949505434666694,9.053758635451375
0.7612526988540043,-0.9657046805313572,-0.22209265060666472,-2.4223757601886655
-0.34727802236984306,-1.0,-0.4497171137161706,0.9528327068407292
-0.5229597163507669,-0.009366066925640792,0.27006080258860576,-0.21544676511528116
-0.7815773933605785,-0.8664576237431887,0.8821967568320339,6.043916971790093
0.6113025440089555,0.32724251282133543,-0.3384276041771923,1.51126005890425
-0.3432942840765689,0.18166511724533496,0.2750959876593231,-0.8364866389304302
1.0,-0.7504061733050278,-1.0,-5.3163943034827135
-1.0,1.0,0.48191361716863956,2.233941855219204
-0.9718735766273574,-1.0,-0.3194135075944189,5.846384660497023
0.4689701555219179,-1.0,0.16826899555214614,0.03908224812064359
1.0,0.5237614055293058,-0.32247526623118383,5.705341727225559
-1.0,-1.0,-1.0,2.892044931990539
1.0,-0.2963834813095836,0.78075349699404,7.402321584666687
-0.9134936837048135,-1.0,0.17126623053127665,8.185406330215098
-0.12840085626402464,0.21894539494358978,-0.5385062955279696,0.1448204232969247
0.9552382026052972,0.667400752725307,0.35392519633616626,7.968294860821979
1.0,-1.0,-1.0,-30.05682555034375
0.4159979804758278,0.8689474085169369,1.0,8.434687887423777
1.0,0.23686011238984905,0.9031557314345955,13.996610611801662
-0.7195221752766865,0.5999003041610607,-0.22575953423378925,-2.2743047368758713
-1.0,-0.34956633775382207,1.0,5.8281390996344795
-1.0,1.0,1.0,16.76285547481508
-1.0,-0.703398270037215,0.7077412588428471,7.564527116912619
0.1207836584584141,-0.12890382226222763,1.0,-0.9340457776078933
0.821703214478466,0.09176147256163825,-1.0,1.349005138207382
0.8362837333731807,0.07726152093253846,-0.6733294432908381,2.020860820748376
0.8104029659273262,0.8157010114343994,-0.42556053526814064,5.133148616025235
1.0,0.7108408282683529,-0.5594329736511849,7.470771130654237
0.44585892475227595,0.20895421381684876,-1.0,-2.9306963766435086
0.6727112298245157,0.10155381290949528,0.6709853893718873,1.7674766243847841
-0.016959715728159797,-1.0,-1.0,-17.50360293387925
0.8381812975547625,0.6316579314472879,0.7154311422821926,6.379956579000441
0.5654513423229717,-0.9174133802302251,1.0,-5.850653697759013
-1.0,0.2588507627082137,-0.09987082028907457,-3.5939419463447275
-0.1208270692605593,-0.5624231688909882,0.238333286103521,0.5612906638560364
1.0,0.010136675530196149,-1.0,7.283656212774019
0.5923142492759739,-0.4263725082049201,1.0,-2.4761202389991595
0.7379232075657141,-0.3331920781725497,1.0,-1.2928839847848468
0.06363470357422041,0.0841103621161241,1.0,0.26539079912040864
-0.9665010251858803,0.36823789983802246,1.0,3.0554154115098817
0.14893218843198985,-0.9700856959045083,-0.13045231876146746,1.5799684449958038
0.6132657960726302,-0.13714926497408664,-1.0,-2.716604318566463
0.9924220146202776,-0.8780939601766136,-0.26212691307788405,-1.1281076333585016
-0.46117372140073765,-0.734275955546446,0.5772433682047498,1.2471832205005606
-0.7958222984471792,0.07705190518125238,-0.8123412505784824,2.101058126882799
0.29818703036076766,0.08384858835882825,0.6580034133398391,0.8411242604849654
1.0,-0.3024493479788477,1.0,7.414150028381484
-1.0,-1.0,1.0,22.1000402585156
0.42722638845117467,-0.9479055723438667,1.0,-5.194815680019847
-1.0,-0.2480898812949781,0.678929158149937,-0.993620405229137
0.25487002166631956,-0.7640631639263036,-0.15642427514381896,1.3426996156259192
-1.0,0.47142294932423323,-0.506288723298606,0.4049373331315838
0.23046014440630236,-1.0,-0.17361780077059707,1.5608026031503766
1.0,-0.2809105462796515,-1.0,4.904635678076876
0.8639974385723246,1.0,-0.1452539430138,10.352353129539253
1.0,0.21738669914691755,0.04563856972582658,6.025245840298973
-1.0,-0.09772876697523558,-1.0,10.139054503754757
0.6929398970909455,1.0,0.27901898817426596,6.898101513864223
0.05461752881675053,-1.0,-0.19835690652607574,2.7704370469753874
0.8324524473139767,1.0,-0.6816393969746093,16.622464192422882
0.40671503845316104,1.0,-0.166235447250781,9.119335630109143
0.6436187578477508,-1.0,-0.3697837379633788,-2.8822183354598834
-0.971506150617025,-0.9656518240532566,0.4840654524763288,10.70850297322357
-0.4203554759875896,-0.31818522085708145,-0.1392545907503795,0.3942861685969242
0.4020889441308859,0.5528950682418008,0.180285635988799,2.148621734684225
0.8358048447572124,-0.10078233394072589,0.3281316807208525,3.391787228939563
0.40083545594296255,-0.9756429854016078,0.2193547325136629,1.4629014990500693
-0.47155952738973195,-0.006415435223566801,-1.0,-1.355660628521544
1.0,-0.4834029227562995,0.349239952054869,3.4154303735897873
0.2028993828605854,-0.7683963885316278,0.6145179408194736,0.5621350931161093
0.49545282701679105,0.25448097171974626,0.6311308412881338,2.11919494121387
-1.0,-0.03402056372014961,-0.887444054512079,5.123901244077555
-1.0,0.836469373236985,1.0,12.352714475137214
-0.8438310332943424,-0.8539860308728056,-0.7556723673479866,2.109532413911565
1.0,-0.6391216327761984,-0.033360938099724624,3.369058220900303
-0.07665457001897646,0.6414607575334668,0.19950201487720864,-0.17598956503959717
1.0,0.3869198301698473,-0.004805210500192336,6.125609177258484
-0.45389147167527844,-0.17173015093136712,0.6108714256733754,-0.3488485574077974
-1.0,0.5879620062611071,1.0,6.76480718640567
-1.0,0.19497755597540256,0.20087357801561656,-4.9222381911869135
-1.0,-0.7951936832979241,0.14196194355232317,3.8562592365061366
0.6901235934888927,-0.9312579608729319,0.7574278746994938,-1.1992646990887619
-0.09106352695477438,-0.928505423890752,-0.2557018893135572,2.0587800157446163
1.0,-0.8704149534635681,-0.387080998798238,-1.6145877972335985
-0.762881230374669,0.5037847024891551,1.0,4.0985353179950215
1.0,-0.6460155601400459,0.23651854814395756,2.3653573019297682
-0.9958024350606625,-0.4075067594303221,-0.14971573318824394,-2.25863863364889
-0.30390006346537524,0.3072617627541674,-0.11112541740399551,-0.6488042654943076
1.0,-0.8318220147118323,0.8771885729619446,0.8952592295987778
-0.9336682963922216,0.7311789299898233,1.0,9.335136078518994
0.35548600846710965,-0.6252823505181475,-1.0,-7.430804883233899
-0.04168528862402643,-1.0,0.5330851911436691,0.17362680782054785
0.7180682915707823,0.20006671310064195,-0.45967624265338936,2.2825535076325174
0.6793898744881381,1.0,-1.0,10.93913881636958
-0.581320275048248,0.5231694763504111,-0.5309943780797228,-2.466149628909992
0.8302527726317781,-1.0,-0.06664386618472706,-3.9496394197446305
-0.5379205484053267,-0.8007198165538512,-0.03408960186180976,2.719471685554918
0.04908549772433268,0.35995713288635556,0.9595356640110766,1.7323695528965037
-0.2017880213619483,0.5954679922877129,1.0,5.343536950799413
1.0,0.8069205472986061,0.5539653166216483,13.123151900597502
0.3593037932314942,1.0,-1.0,5.364715246898784
0.4285805442956774,0.2193457464735442,-0.8917768448412087,0.7061694902936263
-0.15707065892955008,-0.18175807533162125,1.0,0.35109139204135714
0.0251370947351357,1.0,0.3633174410076374,8.573010134969435
0.491158213665825,0.30514305572812717,0.8288448949823457,2.219230625576965
0.0873834805933742,0.0714291633841806,1.0,1.137080523688284
-0.680935444708126,-1.0,1.0,1.1186430925340343
-1.0,0.33966509713911264,0.0720419964613459,-4.34132496352417
-0.25965769918883885,1.0,0.5929405463213091,8.023732114683327
-0.33605019438703,0.9002406843174633,1.0,11.348195960504015
-0.48989328284028977,-1.0,-0.1758836939044841,3.619434396670156
-0.6725000179333609,0.6636848245629987,0.2754109437974175,-2.4502749815909626
-0.07962364230984598,0.6334879697079014,-0.735902122109537,-0.3247040484713861
-0.6592604718145383,0.1536303151274765,-0.14905052206669733,-1.285944745086268
0.8985002507665807,1.0,1.0,19.17374905148591
0.503018833691945,1.0,1.0,9.29442997963471
-0.8115874451730183,0.6829557722958426,1.0,7.167857983793342
0.3460141377900652,-0.5266091395343113,0.936314397180507,-1.8538261256894
0.9614400985047185,0.2851600405237955,-0.8106262723950561,6.58464038128175
-0.6088759652188023,-0.015626017987283358,0.3272984804477508,-0.42001099850675794
-0.971971626670094,0.7069511067953413,1.0,9.1021397628614
-0.855131336118605,-0.766076778959341,-0.05775322246051484,3.7872456198439175
1.0,0.03632678307483128,-0.7174942997852811,6.294940972691678
0.44346570725500767,1.0,-0.4786204880309557,10.436640241464053
-1.0,-0.49176695090944333,-0.5719123848061589,-0.5903010539155962
-0.14958924387630734,-0.7719689545386748,0.8350836933288912,-0.708186811725656
1.0,1.0,0.8177610751733848,19.060811974054943
0.10554398980123825,0.6903640615340287,-0.514738991773001,1.621332505058124
-0.18170836820401903,0.5510040366141691,-0.5148893425574852,-1.1951260425903922
-0.9854512159633382,1.0,-0.5912887538961988,11.700631596969586
-1.0,-1.0,1.0,21.63397860448376
1.0,-0.7077495348431664,0.42317040291020724,2.603814899435399
0.3323201351790368,-0.30563552367963465,0.9352386691510637,-1.836628085023702
-0.24773080880575216,-0.978126658051858,0.29484991572008323,2.248086100818655
-1.0,-0.2617962542900276,0.802667929013549,-0.23290415635516615
1.0,0.2627483690299457,0.19276776249569916,6.552386923958677
0.06276785026167908,-1.0,0.08495028624712853,2.187981592515458
-1.0,-1.0,-0.2882467757595464,5.829890587745429
-0.10454409427344236,0.4345716017413406,-0.39628110798137683,0.6035160401053842
-0.15813036589107554,0.1045281237793898,1.0,0.8330550395400869
0.26547414573259087,-0.47384877478865195,-1.0,-5.400021597467373
1.0,0.28843259385663567,-0.25000451412662206,5.102688933918104
1.0,-0.6807366331119042,0.506171221349023,3.593306271955992
-0.48334201983172553,1.0,0.3592354748080029,5.856626538267319
1.0,1.0,-0.5749543765337786,20.95589499016017
1.0,-1.0,-0.8110496346738685,-18.17472877079724
0.33653969930165806,-0.7939527306971552,-0.06466807257450902,2.727999041857905
-1.0,0.6070882725573497,-0.953188431623853,14.756885981811394
0.10418575020099752,-0.83343861266073,-0.1332154816868829,1.7618956807433914
-0.7592786232449129,0.0022883198116920855,0.2608694007804724,-1.4622261460225856
-0.7964653716798062,-0.6623937430138391,0.5520482778754956,1.8175158441393418
0.5651050571950456,-0.8559629391858516,0.2929847849041507,0.6844758197025282
-1.0,0.9565342898263356,-0.8093477415470443,13.403472405705724
-0.020897347050971904,-0.7035064998628617,-1.0,-8.157912920245863
0.014367500737709538,-0.05790729059127986,-0.8269766434478005,-0.6558567116726188
-0.30317344444832384,0.089696867399782,-1.0,-2.0635319921251942
-0.11220913930836396,0.8534022530979948,0.01961785965442453,1.8704865045120107
-1.0,-1.0,0.14299229417728876,9.397809194945722
-0.72377690303954,1.0,-0.6116340240951765,2.9986824655052478
0.8850586900089676,0.08909565658168517,-0.16165429363215078,2.94865890217562
0.8270518232290656,-0.6489690650691038,0.6439934215477585,1.7555244593901578
-1.0,1.0,0.5508163295511479,1.154917380087403
0.29420471249568125,0.30245827084510357,0.08191432726467829,0.6329723333684548
-0.6290678200849411,-0.07668078519179344,0.2973385860764157,-0.22086724936819246
0.09567469576307341,-1.0,0.16705744722672566,2.331209725106952
-0.35868050714838606,-0.13343764369652167,0.8748878804924067,0.11751571020068492
0.04125402381345111,-1.0,-1.0,-17.034409348779015
-1.0,1.0,-0.5800095529648186,12.318565511097123
-0.1176686751689946,0.32405918420576385,1.0,2.013643909629997
0.03592752268522337,0.5030718429559002,-0.36749100222038256,1.2092226454895754
-0.6269312241638332,-0.5988703227733916,0.297509003463736,2.2299578536293447
-1.0,0.7402880955442879,-0.1654044548856155,0.5217898253870682
-0.16786090371940077,0.9563200155578739,-0.7752287211546889,4.608835575200808
0.4845473312878714,0.878966343740343,1.0,8.773603317838457
-1.0,-1.0,-0.12029155034490291,6.8754571581013035
-0.6619074795182642,1.0,0.8807044388600771,10.457011364790135
-0.3260639941595598,0.6137718754029056,1.0,5.585757186281292
-0.5131715591728119,-0.29467866156996325,-0.16424051463624223,0.3669494017150811
-0.15116591648534006,-0.8786990522930054,0.5175055206596608,1.4881607876839358
0.6575432965209167,-0.2836264226210896,-0.061249988834356284,1.8882183210355916
-0.2909209465883733,1.0,0.6706260686441159,8.410217262164258
0.7348677846707123,1.0,1.0,12.275964099090507
0.21084247782649612,0.7673625557937485,-0.6282060882127192,2.0166470870529514
-0.1689801279890606,-0.025893483310089227,0.1176814357936089,0.7377239933475379
1.0,1.0,-1.0,39.32288711837885
0.430545875152478,-0.43925794005734864,0.5054837292729877,0.9400411999548154
1.0,0.7836174830603464,-0.705006136906756,11.248635414625639
0.6175179502607675,0.7944728506275864,-0.42596013460609017,2.9463743065932873
0.5407167099733696,-0.2740233274089683,-0.3026816720994583,0.2605367473030089
-1.0,0.10264848671655735,1.0,3.109909098669535
0.3737613585902786,0.7365289022516619,1.0,6.64884708085439
-0.09255341595819422,-0.3645427141208428,-0.6017430814300413,0.8069374178302423
-0.18385039972197714,0.13092236211660158,0.7851925754279698,0.06456999007262879
0.01839378925117563,-0.5740679892427731,-0.6614209001643792,0.1305743188041186
0.8803142676148921,-1.0,-1.0,-29.06282057200748
0.38430700891507996,-1.0,0.38612664277491326,0.6476092349474076
0.13063606087764557,-1.0,-0.5463410798232147,-0.8225703548705533
1.0,-0.4182319539910355,0.02392324385734068,3.1097698764728268
0.7316507343905148,-0.9876955357708941,0.1844139950850745,-1.7836747194361295
-1.0,0.956245284708299,-0.09858289139828624,6.745231418153381
-0.4161566611296228,-1.0,1.0,-4.159653699389219
0.24180717296071186,-0.2862464464254675,0.5900421667738269,0.7973170866020682
-0.3045363221338828,0.006531916578012442,0.45873295138532955,-0.1696927417961667
1.0,0.33410333551676485,0.1664147019521871,5.6671555961691595
-0.17814792398490464,0.8837230964171059,-0.6746155892563044,2.198379501933966
-0.5649927268929138,1.0,0.6851732770700156,7.181508313966276
-0.6384894390565659,0.030485286798881184,0.794818950853446,-0.10274541884059292
-0.7502405368270741,0.7281765738636314,0.007508966329352829,-2.506321179861433
1.0,-0.85440716835875,-0.12905731398500642,-0.46575206273879144
-1.0,-0.8354128758488677,-1.0,5.429888160251797
0.8475697999622249,0.6475384450286594,-0.2997980486657179,2.7321939502197705
-1.0,-0.2007484009397269,0.8635308442877552,1.0836295838160037
0.21333172516571675,-0.27741776611595226,-0.04929094344681739,1.288261890746135
-0.8513162511185357,-0.9699450978663045,-0.9391533869477529,-0.0354430681151634
-0.0845506308413182,-0.30286697095987236,-0.7203284646811674,-0.29681388140712417
1.0,0.708234941413131,0.3939662298781683,10.499120990044512
0.11741098710761233,0.5411440887281953,-0.24968979272139924,1.1478293697937096
-1.0,-0.9392883672287786,-0.48088907057750885,4.668597461253383
0.08782764258984566,-1.0,-0.7120193260239005,-5.076275065608398
0.32964163253240897,0.3474483361875984,0.12842292356043616,1.2222687278497513
0.11597292504037915,0.9145700638452408,-0.7500539961833717,4.616559668262957
-0.712373212087126,0.18914888772570904,-0.25567531422444234,-1.4977641418845138
-0.42945655624635304,1.0,-0.0943034635082376,6.0395033840673
1.0,0.4739505923341043,-1.0,12.126590565910163
-1.0,-0.6020977710191262,0.38837540086239186,1.509963258705755
0.4676659343012499,0.33585252481792893,0.21416405544676165,1.0044635419656265
-1.0,0.3057713459939875,-0.41349524996757037,-1.3530383274056546
-0.3930702538117399,-0.5030282780759077,-0.9863925747452054,-3.0906063337081426
0.6088412825786345,-0.3517532985268035,0.7518952684883977,1.474610363249693
0.13793410703397613,0.21077350457854527,-0.03439041973178636,0.7644009221957198
-1.0,-0.08849392739892759,-0.7607011231724865,1.3297498872442894
1.0,0.47996427612670267,0.7681581363091732,13.715480432050878
-0.24825944582689696,1.0,0.4575981271623335,7.359250105641707
-1.0,0.4166602971110269,0.22568040812418388,-4.484120448968922
0.4711563595763486,1.0,0.16980143770920453,7.6250360754631075
-0.21245545859024184,-0.5176394624014922,-0.26297921865727014,1.7848297810498486
-0.008808096798384568,-0.7129212203753694,0.8189992914055286,-0.34281907314761206
1.0,0.7283562372170018,0.24299593505359307,8.800551502177408
1.0,-0.32139778247056006,-0.546046131640892,5.641266253481371
-0.6977701913578713,-0.49092915920376323,-0.012566971976131658,1.4094451222294802
0.3603753307646147,-0.4130679776974129,0.3536875161649171,0.5689602020539473
0.45750968634360833,1.0,-1.0,6.015784376221403
0.01111681448359536,-0.03963421253895305,0.060300372257974244,1.2079051983895543
-0.43965288081778287,-0.9848890251651019,-0.5474818169399616,0.837331385627504
0.9252153569257768,-1.0,-0.8150931937548203,-16.285101040518985
1.0,-0.20309473664807265,0.3011075084126589,5.3658244672357815
-0.63495021868856,-1.0,-0.4696469306761386,2.99112047872047
-1.0,0.22771685911276318,-0.22695411658138664,-2.7085262146665006
-0.8218602025497233,-1.0,-0.5666767509026505,2.857888877763203
-0.6753505369474919,-1.0,-0.3594073331780139,3.1614632605141146
-0.9101476379970153,0.5426285224333027,0.20237692910729743,-3.7384258825631482
0.4020549542749805,-0.7103634010887485,-0.5233180186604707,0.9042500212138509
1.0,0.4074575947732386,1.0,20.677074598156644
0.5357065853279677,0.11857819079576681,0.08380062304363789,1.082460780183676
1.0,-0.45303293715837145,0.540676776439476,5.282315470518257
0.07340925230700046,0.048654447391530464,0.42164852399336117,0.9669114077426737
-0.85386604271221,-0.8936041224076128,0.2739819698315247,5.650905501900779
1.0,-0.7462936252183092,1.0,0.8574731605415689
0.43313026577905056,0.2902302772379095,0.7534575130544712,0.8276319657940538
-1.0,1.0,-0.38307174289261603,11.255040058127353
1.0,-0.931037888526365,0.09125023694903112,-3.7398891826420617
0.8512496395650495,1.0,0.044480108131594864,9.215597531267196
1.0,0.07268755629413581,-0.490359693240249,5.1873560041058
-0.5276216900812865,-0.5371916436774493,-0.5675923950391666,1.3709914368256473
-0.2823502863741185,1.0,-0.117446658646015,7.430567980669701
1.0,-0.9935911981829382,1.0,-9.0434904087975
0.3202734002665908,0.9075477523890656,0.39529763547941044,4.436616555194436
-0.14441074087957717,0.6184886894671169,0.24467074921715248,-0.8467381830103293
-0.4925809986216303,-0.016631826469318378,-0.49753815860063666,-0.5737441920178633
-0.6163891085539088,-0.6291306524458105,1.0,2.753339041021844
1.0,-1.0,-1.0,-30.074182306991872
1.0,1.0,0.004870377016474636,14.654498880364375
-0.5490686151572433,0.15725448026056732,0.5403288006871139,-1.6940968692544778
-0.17360192451128031,-0.6195906761447827,-1.0,-6.190185180967838
0.8337962090632269,-0.2133672856251485,1.0,1.969984721102844
0.8768361320061178,1.0,-1.0,22.333090949231213
-0.12586936832129392,0.7188855561171539,0.2115624859023446,0.3570917802521004
0.5553662860911173,0.9797947435581089,-0.5959362168216766,9.296202953259504
-0.49078235002391546,-0.11986178082033838,-1.0,-1.1056269789105244
-0.6449642747532893,0.6848050473580962,1.0,7.059447274615613
-0.5507883304963743,-1.0,0.7186585084754884,1.6409058799313359
-1.0,-0.9055262630024052,0.7565059851525178,14.359603480751318
-1.0,-1.0,-0.5372007042413982,5.100475122648925
1.0,1.0,-0.48142012226786024,19.887747152056452
1.0,-0.42822799849699544,0.6422858828248634,5.661552477887889
-0.632334549455063,-1.0,0.00971336119367594,4.710149055898658
1.0,1.0,-0.8382139925607979,31.323260946615047
0.1406171928366695,1.0,0.6222785014154739,8.262208404733544
0.16708055133546496,-0.05981934957562407,0.26843252218256497,0.6251656677985344
-0.5275953458829592,-0.4844540053388475,0.5045384148255649,0.4264028747073254
-0.8810294302552031,-1.0,0.8883151726079899,9.899424959563028
0.36174149404697853,-0.5026269609209475,-1.0,-5.961152348334268
1.0,-0.8199774529887645,-0.3983270646119217,0.7036157330791991
-0.04745136948514861,-0.20830450334228745,0.5145533200436905,-0.07502372721894313
-0.2617315279953616,-0.06839810346930286,-0.4188092352733028,0.3187050000396392
-0.743125923863283,0.2053556722221066,0.18932192220056776,-2.8680732250882017
0.2823951696977103,-0.1407586793685911,0.905661966675116,-0.2058586439295642
1.0,-0.2308129951834852,-0.38858387874918154,4.830967333131405
-0.2007725577121109,-1.0,-1.0,-15.35688938827838
1.0,0.4796390266024664,-0.061562084684696705,5.933325901246417
0.10003086423871133,0.08927278906858782,-0.4228035864440558,0.6781606544092025
0.9933219216640903,-1.0,0.5270522168078151,-6.268280954196108
1.0,0.33969958981146764,0.7230901718936125,11.403755105649312
-1.0,-0.5440565648056828,-0.6626227952173391,0.026533385989894576
-0.6664621861048772,1.0,-1.0,1.726808548987257
-0.2780566923187544,0.30857892942916343,1.0,1.6223739481519046
-0.10739893054247052,0.45569272675876826,-0.20280947360585855,0.8675123151784789
0.21981916639391996,-0.04164770285709629,-1.0,-3.937604683673475
-0.43307147357102926,-0.3537867438720699,-0.6376234141385733,-0.0029769071831871052
1.0,-0.48780962578267983,-0.239607656919963,3.3255361551050973
-0.29610345102876434,0.2697681601357913,1.0,2.356567675407513
0.7140662850425887,-1.0,-0.8600739625030174,-15.165443410120279
-0.6992200277795091,0.12241227231586449,1.0,1.888557534622338
-0.1095226883396756,-0.2954646990008707,-1.0,-3.5678239740923567
0.5072687177318294,-0.2518996841059371,1.0,-1.9319721789554196
0.6512744491200104,0.6514060628590421,0.5454467994925547,3.0843673302568213
-0.04753710816910339,-0.9731912155368643,-1.0,-15.933245728679527
-1.0,-1.0,-0.8934607343578365,2.6235467760379008
-0.7909162897487076,-0.10444262291944817,1.0,2.3822623617507923
1.0,0.4081542222572765,1.0,20.93502642906729
-1.0,1.0,1.0,17.401650909086605
-1.0,-1.0,0.06639544354002602,8.850927470564443
-0.6828351556470711,1.0,0.8273256764115919,8.33878672084016
1.0,-0.5561270581607904,1.0,3.5731501167545687
-0.5989347150658157,-0.6267629461678317,1.0,1.3001539285079506
-1.0,-1.0,1.0,21.93829904307345
-1.0,0.24926849405654972,0.26386586987070615,-5.194364520661177
0.12288447232605626,0.4319232242748263,0.7930178286705658,0.9648970123642708
-1.0,-0.8705957689112716,-0.7926867581859192,3.1313139500552305
-0.7167729783601713,-0.15558547107746645,0.3564444586588611,0.01051573056648869
-0.009746979383709276,0.022107037908102978,0.35102277888590216,-0.0449855166420326
-0.7060614593458316,1.0,-0.6584782151311865,3.6914804523271676
0.2316654974729737,0.12442137113962604,0.42847515520225476,0.760267944862856
-1.0,0.9313705701049582,-1.0,20.10312911560858
-0.4136731008483492,0.8099346452681193,0.6529742000207892,2.367599791439584
-0.1337413192050776,-0.8200390084153089,0.2638041340678676,1.5523772174055654
-1.0,0.09103956662958068,-0.62774220589056,0.1869910756799045
-1.0,-1.0,-0.7137838369651568,4.203635044237307
0.38987119032181283,1.0,0.6507577044477293,7.14635178103333
-0.3662028678417175,-0.6608093177612688,0.4063015739437883,0.02634687658388668
-0.06776800332548216,-0.41736139817372275,0.10862003181691082,0.2808101142930717
0.42877807134040347,-0.8859320256518675,0.9917464604707207,-4.6373461115903165
-1.0,-0.47941061920309447,-0.7292262867198498,1.02627563451557
-0.7513011511003798,1.0,0.4070988703975329,3.7749933619654152
1.0,-1.0,-1.0,-29.77997274819379
-0.8895242185060928,1.0,-0.8520202983103384,6.813512214483048
-0.018571428385938393,0.9794364611115001,-0.012808562118693079,7.122415772935897
-1.0,0.058186963309204254,1.0,3.099665986148244
-0.44267255916725623,0.912792811830996,-0.10453060016898097,3.2853769270113746
0.22475720974362945,-0.19882426392375208,-0.8578964253442452,0.03681823484065544
0.23492331972919978,-0.911343841132362,0.02896752521033852,1.4443219088719796
-1.0,1.0,-0.07183783411657685,8.878444753904303
-0.7515650284701771,-1.0,-0.8408877282268707,-1.5807494369039254
-1.0,1.0,1.0,17.489696129027607
-0.7315252601066493,-0.3281866303098273,0.2543812408958266,-0.10494070970405128
0.7094250855290447,0.6846236043832776,-0.1416637516554795,1.1651351730924693
0.3195428993388112,-0.36568204784575675,1.0,-2.505435093259278
-0.23364618426922834,1.0,-1.0,3.061384469087378
1.0,0.5463675231863843,-1.0,12.954860985276701
0.857142063193836,0.18521907948670457,-0.2997877374970239,3.204848257576348
-0.5347308032753262,-0.3894008563367617,-0.6023182403860932,1.0341098980672978
-0.40503004730611747,0.07626657398068915,-0.025200999097045873,-0.13897708318599947
-1.0,0.011650705973552666,1.0,4.037264265297552
-1.0,0.12277517442618158,0.02753003652358066,-4.0708067933705205
0.4866717624209149,-1.0,0.6100431335275793,-0.962178753002443
-0.14017404309628945,1.0,-0.8247374018161255,7.892405410014176
-1.0,1.0,-1.0,21.477124867419185
0.9989258242763714,0.33512131986036,0.6001003364909683,9.024000637623423
1.0,-0.9024670252315028,-0.331254980104015,-2.5209964538191505
0.14405359996484468,1.0,0.5360662933432656,7.298047287994004
0.500771586277289,-0.39965346943472757,0.08831748157398622,1.2272349893443384
-0.7239743605777424,-0.5469198896065197,-0.14435223030994582,0.565709313739785
0.345722909021857,0.3364765727051886,0.1560414295523913,0.7142436312671561
0.3451912883002224,-0.09686271219805453,-0.5718334085017778,1.9823396754753428
-0.41677515522452246,-0.45033199317465944,-0.6689760204710447,0.46142101058845997
0.6792143300906099,0.38439211388774064,1.0,4.856663427874907
0.27901014752510345,0.006315117886210864,0.14732640872669656,1.4541460160447182
-0.45449213842887515,-0.6290171196858139,-0.9491128059684111,-3.5043049264382264
-0.7190873435749621,0.23138445028182697,0.2983230914958055,-2.367487935647615
-1.0,0.5681951231306965,1.0,6.354614967134834
-1.0,-0.31416767140696344,0.9360025910261498,4.414803516241736
1.0,0.21977667528542066,0.7912207276558536,11.274470902452764
-0.43456676246316106,1.0,0.42517982995622927,6.212526389265884
-0.18139451139935225,0.026523173685315093,-1.0,-3.5320326757029292
-0.665153321244347,0.7019256945548153,1.0,7.901342632698399
0.001216529801981725,-0.04329237468671687,-1.0,-3.0341511917645674
0.07332239989800438,-0.5590447910640497,0.10618577041583532,1.2017802190862534
0.27491529740416776,1.0,1.0,9.96040292485047
-0.31251849486660355,-0.35518329352775124,-0.40476225012235,1.2437338101562243
0.2698999722976796,0.5673052826577669,-0.7599250766712662,0.10777975445603472
1.0,1.0,-0.44363103107175883,19.722708543968093
0.9029723599351402,-0.20626511220351396,-0.018016005212638353,3.03693395530355
1.0,-1.0,1.0,-8.331740154611694
-0.7546768213000152,-0.5763412890320556,1.0,4.313683400837294
1.0,0.6287727849974858,0.2247924813468971,8.743257534351862
1.0,0.40859350064550126,-0.8795982614796696,8.730997799029076
-1.0,0.4338345334244398,-0.7733741377419594,5.090376963239416
0.9617817497769037,0.29431748501310984,-0.23778343739346663,3.898725861327709
-0.5087963545821637,-1.0,-0.40095037881418305,2.1957800181888176
-1.0,-0.28028768738293364,-0.3591781910620566,-2.323367330413738
-0.5821360972564695,0.32779255457934164,-0.15174573861410479,-0.8293404943783359
-0.14894429423244726,-0.7220025464146225,1.0,-1.7804974230585855
-0.4677326712807992,0.09281974002031279,0.42086747533895785,-1.7001112720746034
0.2618365919022343,0.23280171110474068,-0.13489702274526616,1.415106616138666
0.7145543657438826,0.34298014229050167,1.0,5.102398232686655
-1.0,-0.3748849886895289,0.03423246496933996,-3.0309067099608367
0.45546028687153495,-0.5846377778916327,-1.0,-8.071827382728268
-0.5178759923001948,-0.04613390547010776,0.5571858594157044,0.006458416318637528
1.0,1.0,-0.6690262601593628,24.475127535578938
1.0,-0.7709189493683832,-0.6674343207149556,1.8346946321008755
0.4830537916480089,0.3630249288713121,1.0,2.7256599191251394
-0.09528119449143801,1.0,-0.8920039021516661,6.834089018734769
0.2236050314235667,0.17445160570908347,-0.3421158901195267,0.629502441275424
1.0,-0.4553108125778942,-0.35235129086021155,4.217311569233404
-0.7853959547107132,0.02528677823879999,-1.0,3.876001576093626
-0.527679960976406,0.49799007331704614,-0.6400488677867342,-0.7639031020445138
-0.9199484258232999,-1.0,-0.8837365730856901,1.3400653323400082
-0.6672803678399342,0.6215439568524641,0.99992193633915,6.119850318639093
-0.13421760981760733,0.3668570388939576,-0.9101189582755354,-2.150076498750818
-0.5074643452329226,0.26066658279158483,-1.0,-1.3911222612973009
0.30150727727271187,-0.47878586972304293,-1.0,-5.750623419560106
-1.0,1.0,0.198130963335998,4.619472028924892
0.31425154678986833,0.3103786833541673,0.6384179686305884,0.46745529039897327
-1.0,-0.1485306331101599,-0.03475764482289079,-4.741950501758455
-0.1866142737880263,1.0,-1.0,3.462372253066891
0.07328691923420427,0.7282483722709159,-0.2880724662649248,0.66903246880943
-0.11392986174370168,0.2991478133905905,0.2673941259958401,0.03425398736140222
-0.8279814992654051,-0.3751600552509704,0.8336477526809631,2.4100538362090314
-0.6681563260827852,0.12790503406525233,-1.0,1.550851122235415
-0.8402650956137971,-0.9801787224837968,-0.25949710203542775,6.508162537296989
-0.9671306669097623,-0.6188329729416837,-0.9967239433215045,5.426598517892709
-0.34608928287193685,-0.09672223854821138,0.5702935176061386,-0.47859403439092424
1.0,-0.34076438386364916,1.0,6.746024578427051
0.18028813984360692,0.3305314102110084,-0.2601177920091524,0.952533924221072
-0.9369491288009377,-1.0,-0.28575890523283,6.430456324735526
-0.23476378405745812,-0.9752585114636652,1.0,-4.641463952973252
1.0,-0.4019060662779499,-0.5725474488641655,5.617600672701345
1.0,-0.1505253833985627,0.28764750397849537,5.255898715525097
0.026160621015490104,-0.23823600216995433,0.504835257966471,1.2148557926534618
-1.0,0.15898832517690198,-0.844760756592045,5.96102137482531
0.43774096345071456,0.05485227799643644,-1.0,-2.4622919334916764
0.31124810531560887,-0.8159751539865738,0.4637248636455522,0.4018885021773198
0.5789083320633275,-0.12603484091224693,-1.0,-3.59073520677257
0.6643235875719149,0.09429945010244345,1.0,1.722417356363295
1.0,-1.0,-0.04778204029506061,-7.997884578233559
0.1187022454564477,0.1686237453474806,0.04957023346378442,0.6220770601303652
-0.8245911127702581,0.7938910734176252,-1.0,3.5397575288940892
0.3047260817645592,-1.0,-0.2629829565145487,0.40164464157886104
-0.19611944922863467,0.300163616877388,0.7319142001648871,1.11887413868584
-0.842983986293899,0.6437191108564191,0.13661658183634628,-3.169586833124207
-1.0,1.0,1.0,16.851541068183458
-0.11711331116000712,-0.5452875417103316,1.0,-1.1213374824360942
0.29944593852095336,-1.0,-0.7046883888311226,-5.252774305424193
1.0,1.0,-0.4183438902237089,18.11971503839579
-0.1771645014555845,0.8090043145406978,-0.07412929265588963,1.5894330771056544
-0.8371389188919569,0.961737816446957,-1.0,6.134220919765532
-1.0,1.0,1.0,17.329060728569196
-1.0,0.021475162662546454,-0.017388831231012647,-4.732678517532679
0.5542953435302982,0.28732067863941935,-1.0,-1.3990284800708923
0.1558602906891975,0.695564940086842,-0.38221461154472824,1.0231263673580868
-0.5767429583235133,-0.3544040663465382,0.2737673902751532,0.29560051986254154
0.8159135560418067,-0.567851873375361,1.0,-0.9191940734917542
-0.11859209797668147,-0.7979883211034124,0.29115202791241557,1.073864078886811
-0.5754370798523203,0.3177281259829259,1.0,3.176015132049611
0.8321918372611177,0.021462726778536556,-0.21907245206026582,1.8227870188765225
-0.458699338026862,0.7527674780772287,-0.12362657707939051,0.01587201705626251
1.0,0.04269125949294206,-0.7705044013743749,7.108118434223282
-1.0,-0.46248736383997935,0.07557413899917398,-2.535105004543657
1.0,-0.1056607731659065,0.6531728218545283,7.048976495897572
-0.5909954316577268,-0.6546878561892526,1.0,2.507995217664348
-0.18158757523648927,0.6458638371714414,0.6829538387683289,0.7018062581332789
-0.5787527397161067,0.1248903731612574,1.0,1.3306440297769602
1.0,-0.08909292064591212,0.8910542074901739,8.479937611332996
-1.0,0.4583611669612089,0.22160264920041994,-3.4755238778035213
0.8784512427806914,0.5032464371631349,0.0811146204547113,3.9307364676419
-0.320131062064547,-0.717428288200612,0.3645842864143167,0.853531799718614
-0.6246574670084684,-1.0,0.10113793233478052,5.0590722072525995
-1.0,1.0,0.9806147573778086,15.702580421321754
-0.04533205725084688,0.08395688056274309,-0.4931898957361538,0.18401810036728494
0.5356132746154583,-0.13785080108476477,0.19708451837270435,1.4689477391798866
0.8345550521768292,-0.6869133338074327,0.9816245620555659,-1.6774838594699124
-0.6993392921335289,-0.15357389106621788,0.4599319457380229,-0.49643836523592766
-0.29500828915500765,-0.954998572535841,-1.0,-12.912120355833768
0.8299514865409252,1.0,-0.013685303100729351,9.426108844653049
0.6020983251331835,0.8826320035834272,-1.0,1.6133115639993454
1.0,0.6262836553669595,1.0,25.229030808938003
-0.4264435145334293,-0.35897194319934433,-0.5352366336731755,0.18977165175649702
0.8576707366968508,-0.742597142130972,1.0,-2.313277074410516
0.517445314334195,-0.4356421650782438,0.3540106015543196,0.27057518710558703
-0.5007098024395136,-0.4966904386377746,0.45001063086563464,0.7391994109165823
-0.5954668231595004,-0.3215092737111789,0.0697722364384139,0.3964565553258652
1.0,0.002474986887927688,0.2743743138244319,5.767920497313
0.14113550115693285,-1.0,-0.42695532118747903,0.7029726816123523
-0.49291191020696634,-0.4371090927803587,1.0,1.8058972811045426
-0.02738616364646962,0.6978522144592145,0.339870317444255,0.5750031018275947
0.6239230240835012,1.0,0.05117238828380066,8.118571645252313
0.4678430214152063,0.7457477744743635,-0.9693028841017048,-1.8077849035560312
1.0,0.6298304229172957,-0.05448508065233604,6.628292833357998
1.0,0.610260083557701,-0.2878340661620533,6.549676271555204
0.11801399346123098,-0.8555773312611286,-0.9973354205329723,-11.484882703136917
0.011333587164373604,1.0,-0.16491868890813532,9.110595118051213
-0.7862624348704637,-0.862207737921509,-0.9165669422569314,0.2717439011430825
-0.9257966297284257,0.10802884137743152,0.8193349425555192,-1.4860956371720877
-0.7428172690851345,0.05682751670200337,-1.0,3.4954510001450116
0.4909951420666856,1.0,1.0,9.632299479994959
-0.11870873066117205,-0.5915581925310953,0.49245737145277846,0.14497484473132577
-0.43368180247886823,1.0,0.2073127863981752,6.282267191301101
0.470018045655614,-0.5473828379269559,0.4047277290739999,1.7771939032635014
1.0,-0.871250314784799,-0.17667490971287192,-1.6749905071098998
0.27425008405766427,-0.418399492334673,0.3640832612454805,1.2248773117219303
0.1987168430765167,0.607123549965422,0.2632705808340148,1.407733012478156
1.0,0.34785025304164163,-0.1766223680191228,4.539469745731385
0.6585312666328949,-0.32620736159622865,1.0,-2.4890283241071245
-0.20323244488917624,-0.03442096123550864,-1.0,-2.839469302244062
-0.7591688846160183,1.0,-0.3092453533585011,5.312752447745018
-0.6638193136212189,-0.7502740374629016,-0.2016697697724461,3.4522710026876027
-0.05996855169462112,-0.44741479175241183,0.2828172955597792,0.7896842837164596
0.32934736749167737,0.5370718704431103,1.0,3.695047631236087
-0.030158073537249308,-0.8337911403980842,-0.4689716887618003,1.2642121224738305
-1.0,0.42202210019707076,-0.3525929986747063,-1.4178843875370497
1.0,-0.5644752165123541,-0.24213422101701232,3.5148821092518343
-0.7333968451462856,0.8591959369014972,-0.1537686635074338,0.23966150534900868
-1.0,0.4021432412125845,0.6828414342325626,-4.061868329897128
0.4672225144319839,-1.0,0.6539184439753771,-0.4661965028801408
1.0,0.35248561623247077,-1.0,10.029917050079554
-0.775075274954923,-0.17191311582048585,-1.0,3.502768500868018
1.0,-0.4463246522186213,0.17598209584736235,3.8506692084388146
-0.5909969875434453,0.5569824786197664,1.0,5.337003437521228
0.24169401848919203,-0.02747286662695214,0.7637661489002026,0.4541276574461256
0.5276400129446523,1.0,-0.43863829562523815,10.699732270738034
0.5156699638834281,-0.24051922663220648,-1.0,-3.962434303029146
-0.7993400481320474,0.049737974254641104,-0.3692145455689948,-0.5308514008391106
0.5486913335071428,0.5320821010848515,-0.705897806000064,0.2302452666599637
-0.8888279488123376,0.6128622818176117,-0.29946029334573754,-1.9201271260165975
-0.2879925620883932,1.0,1.0,14.699809678018774
-0.06469576061454507,-1.0,-1.0,-17.351903962726393
-0.6047128231874435,0.5515133384887554,-0.3992127201126352,-1.508191139030157
-0.05850752129564096,0.5486830351878509,0.08872689804924905,-0.12283179862240068
1.0,-0.24041797840261547,0.7278505048176962,7.65056866800795
0.2115199710324105,-0.18067208617502928,0.30304750086829135,0.9947263274838988
-0.2359910461312651,0.5713520452037228,1.0,4.673559292151596
0.5135283085602447,0.23200630481279272,-0.7901470508121853,0.7702244359189122
-0.10946323221700438,1.0,-0.39846079092652986,9.083490761651358
-0.788528610336191,-0.8642330363191792,0.14506715252037994,3.5669820307429747
1.0,-1.0,-0.17748569359416622,-9.09523416935561
-0.4936993834946355,1.0,0.1295679519299764,5.112105677299599
0.8448770018655098,-1.0,-0.2697488486287891,-5.443916947964975
0.49821564715370426,0.2385466865806214,-0.7453892389297501,0.2078843921517446
0.6209578765580213,0.24615981699292377,-0.9427442313331624,0.4675467791709118
-0.0363293957394093,0.0388354762994334,-0.15903937966508397,0.10324027245697387
-1.0,1.0,-1.0,21.711068703569623
-0.1441062285022574,-0.6306704309938909,-0.8830368355966305,-3.3214316553665846
-0.22217334237947717,-0.8457582371329433,-1.0,-9.20060449866532
0.24166422414645128,0.6752209441330086,-0.970378357821476,-3.371583790545775
-1.0,-0.6443918117442697,0.25455622523012345,2.1799893791632443
-0.8573068067413365,-1.0,0.3338432111767706,8.183751033914778
-0.3066811997373138,-0.1955441615545519,-1.0,-2.7457372954270816
-1.0,0.30715978515994835,1.0,2.796569404639513
1.0,1.0,-0.6457931054850927,24.21433275878895
0.31889598706162925,-1.0,-0.405200681891172,-0.8053638039897346
-1.0,0.32161448608511667,1.0,3.922014611438338
1.0,-0.7872612617951451,-1.0,-7.005910950820238
-0.7983830121006723,1.0,0.3571571650913081,2.3039725614769155
1.0,0.5860538744267492,0.2618339554579254,8.703246663713564
-0.009145680837165271,-1.0,0.42445089708936523,0.2860108241132222
-0.39087498309015767,-0.9346988482117655,0.01399231128728129,3.4807599531115816
0.29987528834014676,0.20822576472641563,-0.049214248537083005,0.5242713779568442
0.00909276070091214,-0.642322956450954,0.42947466364134845,0.8524341377406722
0.48505215908020793,-1.0,1.0,-7.204102878230203
-0.20310243089611535,0.2350357562234977,-0.3819420589420197,-0.20830647430830831
0.6393512149269207,1.0,1.0,11.297591483081572
0.2960688874332249,-0.4094764099341912,-0.2145251248896778,0.8866872578260717
-0.15183823440071498,0.6790485986215837,-0.03256010133847154,0.6310161749759159
-1.0,0.20603900902733208,0.8798141101712078,-0.5489624141060034
0.32573780229443283,1.0,-0.5923628154387397,11.407028387276329
-0.9537704929322288,0.8291400981655519,0.3256169365296633,-2.396010017232472
-0.07210439672048641,0.7491490798070528,-0.5729252668812879,0.6124706718782241
-1.0,-0.9921660957102663,-0.4893913294706971,5.471775338157096
-0.8030564513762259,0.016072018035132807,0.5755875133330766,-1.7815935949710995
0.07203727684054062,0.9868006486543996,-0.6751240349974561,8.535679551027044
-0.4957250956244821,0.23426121984911563,0.20966279782568176,-0.7985646085179865
-0.9010321182638559,0.6115198560840365,-1.0,8.966244895609861
-0.023024578900571413,-0.17044726370794905,0.9950263900328362,-0.9434244540909185
-0.591509180659439,-0.33998017337312314,0.9811207788139449,0.9562092154843097
0.6188971349361241,0.5660080024043288,-0.5649221305822218,1.5231490008440711
-0.06898624697244693,-0.6591287155794652,-0.7985231294685893,-0.6958223879497846
0.8242316392073163,1.0,0.11210799010491823,8.174785658671889
1.0,-0.705414198594577,0.7449055912393565,4.038401166107514
1.0,0.3980719256589498,-0.3603244384548092,4.9037002468281035
0.23437866645169403,-1.0,1.0,-7.219348179678199
0.48439112231217885,1.0,1.0,8.568898626192773
-0.8317954062501116,0.5326827964155898,-0.21386556035167348,-2.57633931841493
-0.06067492001410946,0.4945396607469865,-0.1782408735319987,0.6148451587030599
-0.59376938145139,-0.8496191779397593,0.8332831714406825,2.5637258664601186
-0.528793885542735,-0.9238182771013843,-0.6890008516014083,-0.735139936557495
-0.004166562493208792,-1.0,-0.8485531192970173,-9.06256836345938
0.5612867645724195,-0.981062479249388,-0.6066860220589925,-4.966115847359336
-0.3590373582606379,-0.8172418622697237,-1.0,-9.152509914072287
0.433566048824906,1.0,-1.0,6.846214945146263
0.5716347666686881,0.4387335051175296,-0.05217030165443193,1.2168096716004226
0.10349403483298691,0.013905136694761344,0.8067504983646876,0.03066360355536997
-0.4974651916625228,-1.0,-0.13013639574709046,4.403546418783765
-0.019556805485634987,-0.6493638885718818,0.6936914103665486,-0.04429963274043245
0.3719049236088814,0.3946119485179105,-0.25245972711617193,2.01431951176404
0.6179993744333496,-0.7378858483945316,-0.0960981795618232,0.4757851413015028
-1.0,-0.8670905624513618,1.0,18.8349335712761
0.5750368457707942,-1.0,0.3954619235037897,-0.5845810241279914
-1.0,0.7514558718121176,0.7663582036376477,-1.2857736722849398
0.08146839749814117,-1.0,1.0,-6.81262092399677
0.38146921545535273,1.0,-1.0,5.061989468425493
1.0,-0.8683364864519156,1.0,-4.051747099351799
-0.290431355004777,-0.1326760938702869,-0.7907726101448898,0.14943034961990267
0.11015855191499901,-0.543440518370218,-0.7816178464415939,-0.6892388239015451
0.34349627167161545,0.3734419081678584,0.7365442227531562,1.2485562147929026
-0.3223239868157375,0.5303158836195501,-0.25365060031347575,-1.3836450854353566
-1.0,-0.6178485022757783,-0.5925555208074862,-0.12058458159575813
-0.11501625106877578,-0.7029595986697619,-0.035457735863837936,1.6479962019336212
1.0,1.0,0.334398704025735,13.21753589002521
-0.22663652338357165,1.0,-0.8290927713400991,6.415065890250898
-0.596852679783832,-0.23654904174536107,0.6262111477808094,-0.29887442502089134
0.26162504323481217,-0.54816024112242,0.060302814968363094,0.988960016909539
-0.15377719280910385,0.09322987300189967,0.4624332286236663,-0.6753852803304368
0.5847635794888753,-1.0,-1.0,-22.55366728422519
0.4278927697307471,0.27192193960542754,0.9773190474793803,1.0130144304846536
-0.5497704107077492,-0.33213184312485144,-0.19748758983825243,-0.5305415340503818
0.047452291738322216,0.22174321279728204,-0.025703691992758015,0.8554719712548255
0.7180005143313672,1.0,0.21402300933628982,6.795515211738932
-0.7781049811710778,0.1502171765506859,-0.5392039487458662,-0.5889358773086714
-1.0,0.25778301585499963,-0.44927674564366904,-1.2911347250779865
-0.024073926573081827,0.2886429133539865,-0.7684646244194817,-0.39443009854774347
-0.34577494766980954,1.0,0.9587590603937337,13.473562547179084
-0.6900085081997163,-1.0,-0.12267983604885879,5.522024084847802
1.0,0.2377093454521324,0.11056902433041693,5.321771404503182
1.0,-0.3824453031489403,0.4310873406214768,5.354775469403257
-0.9760447517986539,0.020524167216467326,0.4673779457135949,-4.24181565135149
1.0,-0.8920492779388038,0.001832307719181081,-2.40816138211967
1.0,0.6659082706828585,0.8441586490356112,17.493217065398778
0.6311486885274802,-0.7324394982786815,0.7952236487351629,-0.40768685462251736
0.0203108820138298,-1.0,-0.6540941316586599,-2.232464757040769
0.23940837113774793,-0.7550065426547223,-1.0,-10.006911445724013
0.9221644682925052,-0.9143877415196444,-0.5815478283660251,-3.8431896427148367
0.5454988257469131,0.6883179519819758,-1.0,-2.705303049708558
0.332893120358849,-1.0,0.584847581581017,-0.07283240703496269
1.0,0.8932297955030382,-0.4057140228815097,12.581894585020317
-1.0,0.4540131523605726,-0.4937498268459237,0.6163122232201355
-1.0,-0.41251106488455513,1.0,6.596593257058983
-1.0,-0.26911127568990967,0.3834265523568501,-2.4487336596983034
-1.0,-1.0,-0.5049326261317939,5.100728449670439
-1.0,-0.7353158485407785,0.5226153606161985,5.56104062696252
1.0,-1.0,-0.5632705381187537,-11.613255410941141
0.304188227724167,0.12523830026949012,-0.45088029153933373,0.7996510127763332
0.5805728386875275,-1.0,-0.27035032703155304,-1.805320857866882
0.20153274595245607,0.1355819701997092,0.6922344774348452,0.07521265905028512
-1.0,0.4357115090888013,-0.8940112516892831,9.948114532256469
-0.014081015027156196,-0.9392558956576467,1.0,-4.937322346747752
-0.37991128699921894,-0.2517293299524197,1.0,0.5989018010762084
-0.3651579459459715,-0.12020790639920809,-0.45161587248876023,1.2638307349491607
0.04257075900519358,-1.0,-1.0,-18.494590846882236
0.354771927439935,-1.0,-0.3094970999392008,-0.2083232018516157
0.17194046991981815,-0.18621708295120531,1.0,-0.8890090599437808
-0.21002454203480947,-0.7997455914327087,-0.1029432343447132,2.1713923780620354
-0.7988862350520558,0.8800059992999201,0.23185564991044005,-0.27378747283644866
0.05130414873308653,-0.8055090358745169,0.3284253982823291,1.3386748303163238
0.04443461875334864,-0.9283413665986497,-0.8755736484115411,-7.641439373667381
1.0,-1.0,1.0,-9.705216098664973
1.0,-1.0,-0.3796991223036317,-9.367886025602218
0.18061859842392192,0.6096616273885791,-0.355217492304327,0.1698360030023418
-1.0,0.9231845554640725,0.8210476359884349,3.0890689983384285
-0.009959584776855657,-0.10635501407275272,0.07327872131841762,0.8074164069400469
-0.19975001114563073,-0.08703482469877488,-1.0,-3.193072510153792
-1.0,-0.6964010896950725,1.0,12.679934034419489
0.3966463268328395,0.10295334916791421,-0.9131780821519726,-0.06838818252830114
0.7861387100648152,-1.0,-1.0,-27.45813936402894
0.5522867280779509,-1.0,-0.4181931757004793,-2.7191862337796087
-0.8809974070631734,-0.6099591335451091,0.5260045785758061,2.2167728467021885
0.3583682760889393,0.471450679939698,0.34191987685984593,1.4980420490063984
0.8338541285817307,0.052850022308991385,0.35862991764130747,3.2665716532252174
0.6546084522749365,1.0,-0.3370065133091098,9.299752091980332
0.29231158620539,0.7773321017153538,-0.11273328783233083,2.265999303188633
-1.0,0.7820051553599452,1.0,11.220842803759378
1.0,0.5485711681955814,-1.0,13.083812093703497
-0.2852139965728673,-0.3659519858236122,0.7967889932644932,-0.1403564678237434
0.21571462316549872,-0.20441295960387595,-0.30035843912516014,0.723224338050515
-0.457048816465927,0.5678120772016322,-0.3289718736973912,-1.2217262088313001
0.8402587306337377,0.3704455882168154,-1.0,3.0328989957107733
0.5998316724094317,0.25252557329480907,0.17931995578793614,0.8085969131971806
-0.23299481735677796,0.21008245596899466,1.0,0.9855740340711135
-0.020589581407882473,0.3137827352528768,0.1382777172126859,0.2612754812563888
-1.0,0.08257362513601585,0.8084456099833368,-1.820378676406549
-1.0,-0.22294527590770485,-0.23697162464049648,-2.7970527690527027
-0.24217664062940036,1.0,0.2410483648107098,6.660703888489123
1.0,-0.21916170932896617,-1.0,5.361158877448919
0.4433097009933169,-0.5016877654307161,0.29395392673564635,0.7296834937328688
-0.5633167352080248,0.42249929086782156,-0.5995547322647508,-0.888565226716814
0.5761688135629219,0.46966165847544183,1.0,4.0992095199132095
0.3335744964171017,0.06288101285780279,0.8796778355736687,0.6264922457038159
-0.5032686690905137,0.742916893850373,0.9662645746389493,6.996094282076072
-0.7999253445566965,0.8231507778024083,0.2554241028323221,-1.4344681444735607
0.5865382743976009,-0.009261719608936625,-0.3187992244888369,2.0216996870538613
-1.0,1.0,1.0,17.32811381713043
1.0,-1.0,-0.1255876531266118,-8.9694950031406
0.07850527533356866,1.0,0.4369382560945241,7.862454386046865
-1.0,0.13509746236336784,0.5026907803483687,-4.362881954032223
-0.0751233631066408,-1.0,-1.0,-16.68921892167027
-0.6758909937266102,-1.0,-1.0,-8.547227358378441
0.3758433807397592,-1.0,-1.0,-20.14142243163712
-0.8619684738432785,-0.8838685633468795,0.08295838738309302,5.7105932204514875
-1.0,0.6647231046930897,1.0,8.027145483896977
-0.3706978580248559,0.287369769240746,0.44184239580809725,-0.8996187076193419
-0.2669171904016121,0.5690309203550037,-1.0,-3.56667083052443
0.0406342950726879,-0.11535800435099919,0.5887518168327714,0.12388197321817643
0.5295261439471275,0.373352844171041,1.0,3.2779646169980428
-1.0,-0.12087254316626872,1.0,4.697556284976931
-0.38252910127727535,-0.013272544579848722,-0.2688835926128603,0.15362645759460603
-0.8813216475424532,0.06004345832907165,0.9376452941641045,1.77460732705479
0.9432829830783969,0.34348239480581655,-0.5107144147569314,3.7162881413046236
0.13673506403670865,1.0,0.09405981558225296,7.53087418554351
0.09847158090646713,-0.9020334412900373,0.19179104168311345,1.771270942322413
-0.5792001285294004,0.19929639285065504,-0.5523724784311619,-0.7157565065144649
-0.5194848177130946,0.8401010006128813,-1.0,-4.031378872351543
0.5606724300505166,1.0,0.08262798207582622,7.051893073569386
0.585212463377424,-0.9307075843532009,1.0,-5.4599458655954995
-0.12446819422017796,-0.5371614864564178,0.806812129705262,-0.38134868666305927
1.0,-0.42104634506338257,-1.0,2.854298810283203
-1.0,0.48526673941011933,-0.6003854051812132,2.773092348003733
0.6892835761665694,0.1784897450634637,-0.9871841961244461,-0.39879665673967
-0.5731446812380985,0.031191382500779463,-0.5797013328946774,0.4641409802769977
-0.7039857028297662,0.40572777229717105,0.8512762273205243,-0.11435581715513464
-1.0,0.11789863719858995,-0.7601129890714411,2.354190149832218
-0.10574017667312186,-1.0,0.8827231559155349,-2.9081322160906566
-0.2999647472157112,0.2760518941310144,-0.7163234941728356,-0.8061270580147047
-0.7360009654281112,0.24336387063423137,-0.858305340010711,2.054883027410683
-0.7656783979783377,-1.0,0.8458920085521158,5.110393650523847
0.7446807384969338,-0.018473884236381632,0.2409202161538957,2.513575345045309
-1.0,0.8983107896902718,-0.28746187457604555,6.388816688947184
-0.8900780841932918,0.21532659592568115,-0.33488690101458674,-1.9647556167820617
1.0,-1.0,-0.3048295426522847,-9.29884740392178
-0.14146807832516983,-0.34159003221871487,1.0,-1.5222093870934783
0.07551781442786742,-0.24904493606746314,0.8293378299387035,-0.5745581095537695
-0.11763573260247817,0.775360106649218,-0.008303738561025176,1.4703987729995216
-1.0,0.12402340550533619,-1.0,12.653494811758181
0.3198925523862386,1.0,-0.27293275698963915,9.231412362200285
-0.05798682979562497,-0.2615870547008927,-0.5994442437418859,1.1025890466740256
-0.7408992214117582,0.34496129361564587,0.8781355914553481,1.3945404869137978
-0.47761633156519245,0.44571065234009133,-0.11568372050726827,-2.226764249718837
0.9397255138757743,-0.35287849431993856,-0.4051410654302412,2.8664466490723233
-0.8006537090071117,-0.6425943537812964,-0.44971303465083534,1.7023767477737657
0.611950499915267,-1.0,-0.05777186955329383,-1.033015261732233
0.3581392917620687,0.42012954466389996,0.33580927119882764,1.4426994703460625
-1.0,-0.6230830570492327,0.47927745789516996,3.2832468827139687
-0.8091040051926024,1.0,0.383993521323583,1.6075542105503273
-0.4349024066271874,0.664614060806354,-0.33089426710224523,-1.2097188104816166
-0.891251420567102,-0.2506070695936904,0.2597313769300684,-1.0712179147338619
-0.28569764702283584,-0.6640403878978844,0.6982357162584161,0.40680619007274565
1.0,-0.6236192608402888,0.8878909555068841,4.241567304872458
0.9913762120932648,-1.0,1.0,-9.548488128106326
1.0,1.0,1.0,25.852573357887703
0.22313833900691527,0.961873408953654,-1.0,3.1739123266670743
-0.4943627698364068,0.016936931556763568,-0.6072278713134078,0.355131374631503
0.5614812257718866,-0.17061551160753874,0.25891644383920487,1.1933734561149374
-0.48172743348074154,-0.5893621272015928,1.0,1.4008512393042407
0.5257181634270296,-0.049680994684806246,-0.19249915242843607,1.1230596998463287
-0.48679810090165576,1.0,-0.4716988730337035,6.492580009451532
0.5722213424754785,1.0,0.34622537330915715,7.354916666632614
-0.5058434993166645,0.03813535713420446,-1.0,-1.2046635756844921
-0.7187797718597211,0.6116583280236474,0.8416606921948402,1.5528844369357888
0.06359075318767249,1.0,0.7934843416988733,8.881203456325364
-0.9012396341024542,0.08669122157158937,-0.39106337467630703,-1.4187394314103994
-0.21411270350179046,0.8418075343535338,-0.8348916940504163,-0.07099932181767812
-1.0,0.10199083254974606,-0.25120092933041005,-4.5895203976412535
-1.0,-0.4183027781814894,1.0,6.617917521308434
-0.0033096497374462963,0.9925353421634593,0.7942710990753585,8.836450502757016
1.0,1.0,-0.5006960803954961,19.707244061894606
-0.9833794926076593,0.21119493428603708,-0.45641288029238125,-1.9797597588784153
1.0,-0.8343066967233035,0.31382384381883344,0.257246398759523
-0.3326955801256233,1.0,-0.41489182417811654,7.119992881455826
-0.12159979705827295,0.762135314623225,1.0,8.022446646339194
1.0,-0.6096225439128211,-1.0,-0.13428632672447266
-0.5540767449572253,1.0,-0.5301080514939429,5.374713024844619
-1.0,-0.6873338621095431,0.37412609215444625,3.1442003385743957
-0.3603177061419258,-1.0,1.0,-5.080150299891862
1.0,-0.21245271388093068,-1.0,6.24563326129028
0.4280202334508223,0.5468218593968537,-1.0,-2.5444212433311097
1.0,-1.0,1.0,-8.662418826607189
1.0,-0.8170510000406719,0.17864264315409395,-1.0627540759685798
-0.46578806131401884,0.2612699613596008,1.0,2.6593298391487146
0.3032926273182297,-0.5176813918779812,-1.0,-6.657420840330138
-0.05801987721529822,-0.9503609323076598,0.5793611137224812,1.2391567520170264
-0.18915810990627158,0.22483418723601423,0.37100423441907027,-0.24030561451912325
-1.0,-0.28356554924218047,-0.26499097130026716,-3.6448703021260327
0.3694059773885021,-1.0,0.0584514060817658,1.0325398346911618
0.1609878584931852,1.0,-1.0,4.763341540242451
-1.0,1.0,-0.2441650881829711,10.623616724447208
-0.2915351938492683,0.43899890771785954,0.6392134933798053,-0.5756024957162496
0.5881645025131834,0.4330478655961336,1.0,4.16755722068284
1.0,0.018124433677088048,0.49144877335483694,6.866112253866187
-0.050862137741154,0.7509749365607259,-0.45842197155824627,1.2181176746022726
-1.0,0.09711406167910308,-0.5044997300915643,-1.645004690273327
0.5334115284288148,-0.8664170483787912,0.1576298322369185,0.6795493472731904
0.11437045333823526,0.9541602869498502,0.22367551833959398,5.731559788121505
-0.1291478934371284,0.4017534831391898,0.5813204650230102,-0.588857839303233
-0.4453798361867134,0.9945841944121343,0.17923395258984853,6.078640871010828
-0.6077806862584265,1.0,-0.9440463178514291,1.214734622692375
-0.2845888456977199,0.1305807303001394,-1.0,-2.314815300610205
-0.8333504531564926,-0.6891852317703568,1.0,6.176356465201048
0.6656578452247539,-0.8505499347739813,1.0,-4.762371524636915
-0.5446808498663904,0.06848366434118502,-0.5413956656146088,0.14860035155248824
0.02460165490988886,1.0,0.430995506959275,7.320735511001924
1.0,0.14282328985956827,0.0727501898573415,4.788523959565103
-0.5713335436959268,1.0,-0.6691010392725794,4.427731426670346
0.7884827849967737,-0.043542040051048,-1.0,-0.4848982046036677
0.8337864802381094,0.24926680953617808,-1.0,1.9749774610329718
-0.17480551925436383,1.0,-0.9952625971370361,3.1204406362641315
-0.9454903952297657,-0.35753595682381456,0.045938745258273794,-1.3196850467403158
-0.6695680173423564,-1.0,0.2078884352209167,5.399056078607854
-0.7802593790914059,0.5939177495369581,0.14213521866068723,-2.6823097364618222
-0.6278025418257642,0.24760246540269626,-0.7725744776705605,-0.8949309687914708
-0.2138270033890135,0.056197663741038184,1.0,1.1635303908145933
-0.1522529630559859,-1.0,0.69220876333723,-0.14871017154009644
1.0,-1.0,-0.3737463614226051,-10.422660711614597
0.23885020585243422,1.0,-0.19415805029047317,9.118269122499276
-1.0,0.03554312616234445,-0.4981033265853212,-1.954598623793498
-0.3759857250448526,0.9532622071708123,0.9488498208393921,11.835823824770227
1.0,0.4399837224352048,-0.5296265247217424,5.0084993955563855
0.37686029549309286,-0.8499579373830997,0.7706436315396128,-0.8399277285024751
-0.4985975314312161,-0.06376325767530866,-1.0,-0.9477052357092546
0.35128386275895696,0.1889475355333794,-0.3389963296480092,1.0148517760748006
-1.0,0.01015779072820755,-1.0,11.29354972470332
-0.3018038514030492,1.0,1.0,15.362076783249396
-0.2676365886854837,-0.8375306115573924,1.0,-2.1517452897407745
0.7968465648588414,-0.3111717457809775,-1.0,-3.1268078640259365
-0.7873114706098867,0.5708122987043001,-0.9554520341341615,2.0147306813650756
-0.900740808616203,1.0,-0.27591276499958517,6.692970895953321
-0.9330733733313912,0.7977833078728378,1.0,10.343051715621328
0.10266729617214776,0.7332784173799773,-0.5319097257918519,0.9618006091255331
0.5812940744179209,1.0,-1.0,8.607776903396724
-0.11057553264191466,0.5858856124709675,-0.22478731819370545,-0.41085121627474225
-1.0,-0.25264557855453296,0.3248843719571164,-3.1429289388082697
0.30292160454919825,-0.7740724430731261,0.1443202627610689,2.044696894150737
0.5111426994375239,-0.12525156342613775,-1.0,-2.8615463221929045
0.0385237500733997,0.029807207164890936,-0.2869536243103432,0.48058956031970884
0.3814912213403516,0.8181812743929404,0.014989308645284583,1.6943294363968158
-0.3571841546752268,0.17512624079785155,0.4540155526646683,-1.3503637325145132
0.20501865870477087,-0.26748798568345755,0.04090081574123272,0.7982760409635912
-0.28494870016800555,0.07333387292925075,-0.7851015499068215,0.252907536704478
