degree,alpha,prep,cv_mse,cv_mse_std,cv_r2
1,0.0,A_OLS,8.168524602939055,0.8876292169408926,0.05864803171481551
1,0.01,A,8.168520878322012,0.88762414343384,0.058648444004819965
1,0.01,B,8.168522712537584,0.8876267091692138,0.05864824147996402
1,0.01,C,8.168522712537584,0.8876267091692138,0.05864824147996402
1,0.01373823795883263,A,8.16851948627062,0.887622246939199,0.058648598094586016
1,0.01373823795883263,B,8.168522005936612,0.8876257717294774,0.058648319886496936
1,0.01373823795883263,C,8.168522005936612,0.8876257717294774,0.058648319886496936
1,0.018873918221350976,A,8.168517574102669,0.8876196415811437,0.05864880975656243
1,0.018873918221350976,B,8.16852103525889,0.8876244838746348,0.05864842759556329
1,0.018873918221350976,C,8.16852103525889,0.8876244838746348,0.05864842759556329
1,0.02592943797404667,A,8.168514947621656,0.8876160624507724,0.0586491004858084
1,0.02592943797404667,B,8.168519701846149,0.887622714630861,0.058648575554320195
1,0.02592943797404667,C,8.168519701846149,0.887622714630861,0.058648575554320195
1,0.035622478902624426,A,8.168511340244658,0.8876111456818834,0.058649499788971514
1,0.035622478902624426,B,8.16851787021245,0.8876202840806525,0.05864877879617553
1,0.035622478902624426,C,8.16851787021245,0.8876202840806525,0.05864877879617553
1,0.04893900918477494,A,8.168506386127776,0.88760439152221,0.05865004815812611
1,0.04893900918477494,B,8.168515354324283,0.8876169450820147,0.05864905796295209
1,0.04893900918477494,C,8.168515354324283,0.8876169450820147,0.05864905796295209
1,0.06723357536499334,A,8.168499583409384,0.8875951136563807,0.05865080113761516
1,0.06723357536499334,B,8.168511898793625,0.8876123581675694,0.058649441391308524
1,0.06723357536499334,C,8.168511898793625,0.8876123581675694,0.058649441391308524
1,0.09236708571873861,A,8.168490244022333,0.8875823696913318,0.058651834875941125
1,0.09236708571873861,B,8.168507153119405,0.887606057086286,0.05864996797012374
1,0.09236708571873861,C,8.168507153119405,0.887606057086286,0.05864996797012374
1,0.12689610031679222,A,8.168477425328136,0.8875648658567361,0.058653253686676475
1,0.12689610031679222,B,8.16850063644857,0.8875974015127875,0.05865069104908673
1,0.12689610031679222,C,8.16850063644857,0.8875974015127875,0.05865069104908673
1,0.17433288221999882,A,8.168459837293229,0.8875408264594898,0.058655200310729995
1,0.17433288221999882,B,8.168491689444469,0.8875855121705066,0.058651683776441164
1,0.17433288221999882,C,8.168491689444469,0.8875855121705066,0.058651683776441164
1,0.2395026619987486,A,8.168435717034106,0.8875078152517185,0.058657869779416505
1,0.2395026619987486,B,8.168479408691198,0.8875691818762664,0.05865304637185269
1,0.2395026619987486,C,8.168479408691198,0.8875691818762664,0.05865304637185269
1,0.32903445623126676,A,8.168402660354376,0.8874624913670773,0.05866152801705987
1,0.32903445623126676,B,8.168462557572713,0.8875467536590576,0.05865491600453256
1,0.32903445623126676,C,8.168462557572713,0.8875467536590576,0.05865491600453256
1,0.4520353656360243,A,8.168357397611615,0.8874002765502119,0.058666536566127345
1,0.4520353656360243,B,8.168439445711485,0.8875159539344325,0.05865748015033937
1,0.4520353656360243,C,8.168439445711485,0.8875159539344325,0.05865748015033937
1,0.6210169418915616,A,8.168295499491192,0.8873149027407459,0.058673384996538604
1,0.6210169418915616,B,8.168407766865187,0.8874736644786253,0.05866099454015426
1,0.6210169418915616,C,8.168407766865187,0.8874736644786253,0.05866099454015426
1,0.8531678524172805,A,8.168210998391933,0.8871977994430612,0.0586827325164215
1,0.8531678524172805,B,8.168364382849798,0.8874156113492375,0.058665807062829055
1,0.8531678524172805,C,8.168364382849798,0.8874156113492375,0.058665807062829055
1,1.1721022975334805,A,8.168095915968307,0.8870372687437217,0.058695459709941014
1,1.1721022975334805,B,8.168305039108976,0.8873359416282912,0.05867238918812141
1,1.1721022975334805,C,8.168305039108976,0.8873359416282912,0.05867238918812141
1,1.6102620275609392,A,8.167939702462359,0.8868173829892092,0.058712729554925035
1,1.6102620275609392,B,8.16822399718827,0.8872266496534815,0.05868137648887654
1,1.6102620275609392,C,8.16822399718827,0.8872266496534815,0.05868137648887654
1,2.212216291070448,A,8.167728629200955,0.8865165280068733,0.05873605273008392
1,2.212216291070448,B,8.168113573123026,0.8870768031930185,0.058693619376980644
1,2.212216291070448,C,8.168113573123026,0.8870768031930185,0.058693619376980644
1,3.039195382313198,A,8.167445250779728,0.8861055079454098,0.05876734356978579
1,3.039195382313198,B,8.167963583600791,0.886871507269182,0.05871024365219759
1,3.039195382313198,C,8.167963583600791,0.886871507269182,0.05871024365219759
1,4.175318936560401,A,8.167068200191043,0.8855451356610464,0.05880893619757099
1,4.175318936560401,B,8.167760733151052,0.8865905306402865,0.05873271681723857
1,4.175318936560401,C,8.167760733151052,0.8865905306402865,0.05873271681723857
1,5.736152510448681,A,8.166572850164288,0.8847832723938631,0.05886349949035199
1,5.736152510448681,B,8.167488042668298,0.8862065111510478,0.05876290838079199
1,5.736152510448681,C,8.167488042668298,0.8862065111510478,0.05876290838079199
1,7.880462815669913,A,8.165933841904977,0.8837513817916048,0.058933736127076794
1,7.880462815669913,B,8.167124551917235,0.8856826592418336,0.05880311717397142
1,7.880462815669913,C,8.167124551917235,0.8856826592418336,0.05880311717397142
1,10.82636733874054,A,8.165131235579901,0.8823608715740529,0.059021665200297155
1,10.82636733874054,B,8.166645774425746,0.8849699089749176,0.05885601056512446
1,10.82636733874054,C,8.166645774425746,0.8849699089749176,0.05885601056512446
1,14.873521072935118,A,8.164163125053662,0.8804998707919321,0.05912716425020126
1,14.873521072935118,B,8.166025813192515,0.8840035492982775,0.05892437132431527
1,14.873521072935118,C,8.166025813192515,0.8840035492982775,0.05892437132431527
1,20.433597178569418,A,8.163068854930449,0.8780316864718971,0.05924530004275571
1,20.433597178569418,B,8.16524274646787,0.8826995465543526,0.05901046797350297
1,20.433597178569418,C,8.16524274646787,0.8826995465543526,0.05901046797350297
1,28.072162039411758,A,8.161967885408439,0.8747969949968762,0.05936187639856366
1,28.072162039411758,B,8.164289925151662,0.8809510997010457,0.05911474702910158
1,28.072162039411758,C,8.164289925151662,0.8809510997010457,0.05911474702910158
1,38.56620421163472,A,8.161118376762323,0.8706226742372748,0.05944674255076844
1,38.56620421163472,B,8.16319710029261,0.8786265121438075,0.05923340085888155
1,38.56620421163472,C,8.16319710029261,0.8786265121438075,0.05923340085888155
1,52.98316906283707,A,8.160994076912434,0.8653405769879825,0.059445036396480945
1,52.98316906283707,B,8.162066324048492,0.8755702367699627,0.059354250162386005
1,52.98316906283707,C,8.162066324048492,0.8755702367699627,0.059354250162386005
1,72.78953843983146,A,8.162365251636324,0.8588186145930419,0.059268003414250744
1,72.78953843983146,B,8.161127022178011,0.8716098347374823,0.059450446269730915
1,72.78953843983146,C,8.161127022178011,0.8716098347374823,0.059450446269730915
1,100.0,A,8.1663496909139,0.8510033156770251,0.05878726836757805
1,100.0,B,8.160810078071531,0.8665721838081748,0.05947202382273222
1,100.0,C,8.160810078071531,0.8665721838081748,0.05947202382273222
2,0.0,A_OLS,2.797200276973316,0.20443936004176091,0.6759977467412114
2,0.01,A,2.797188077885779,0.2044831227694102,0.6759997338840503
2,0.01,B,2.7971973061307054,0.20444727038424715,0.6759982100637226
2,0.01,C,2.797196876244638,0.20444941021582244,0.675998285192067
2,0.01373823795883263,A,2.797183534411255,0.20449948569721474,0.6760004747273258
2,0.01373823795883263,B,2.7971961964844105,0.2044502276533163,0.6759983831550044
2,0.01373823795883263,C,2.7971956061682226,0.2044531675131668,0.6759984863359105
2,0.018873918221350976,A,2.797177307410719,0.20452196847095128,0.6760014907431533
2,0.018873918221350976,B,2.7971946728470103,0.20445429059276313,0.6759986208545905
2,0.018873918221350976,C,2.7971938623690167,0.20445832964657668,0.6759987625462023
2,0.02592943797404667,A,2.797168780783719,0.20455286148494822,0.6760028832260058
2,0.02592943797404667,B,2.797192581187276,0.20445987268177823,0.6759989472282417
2,0.02592943797404667,C,2.7971914687003965,0.20446542201569962,0.6759991417728595
2,0.035622478902624426,A,2.797157119851897,0.20459531367864123,0.6760047899438585
2,0.035622478902624426,B,2.797189710539707,0.20446754210382326,0.6759993952614616
2,0.035622478902624426,C,2.797188184003777,0.2044751666385032,0.675999662315048
2,0.04893900918477494,A,2.7971412000384825,0.20465365554181755,0.6760073975398067
2,0.04893900918477494,B,2.7971857722943145,0.20447807969918608,0.6760000101259606
2,0.04893900918477494,C,2.7971836785468627,0.2044885558391721,0.6760003766020974
2,0.06723357536499334,A,2.7971195180667117,0.20473384466867625,0.6760109574801088
2,0.06723357536499334,B,2.797180372252567,0.20449255868813293,0.6760008536069664
2,0.06723357536499334,C,2.7971775023110186,0.20450695364795282,0.6760013563099073
2,0.09236708571873861,A,2.797090087226909,0.20484408122874187,0.6760158059148202
2,0.09236708571873861,B,2.7971729731953996,0.20451245439710256,0.6760020100719735
2,0.09236708571873861,C,2.797169042662702,0.2045322354185117,0.6760026992430979
2,0.12689610031679222,A,2.7970503259173802,0.20499565974406173,0.6760223871141094
2,0.12689610031679222,B,2.7971628452647392,0.20453979538058456,0.6760035944566033
2,0.12689610031679222,C,2.797157468536979,0.20456698022393738,0.6760045385129771
2,0.17433288221999882,A,2.7969969653058153,0.20520415075516266,0.6760312784504199
2,0.17433288221999882,B,2.797149001200583,0.20457737174506138,0.6760057628322149
2,0.17433288221999882,C,2.7971416581557818,0.20461473627596044,0.676007054624755
2,0.2395026619987486,A,2.7969260361360426,0.20549104515608058,0.6760432112273838
2,0.2395026619987486,B,2.7971301137791245,0.20462902267944963,0.6760087261639329
2,0.2395026619987486,C,2.797120108010641,0.20468038762759475,0.6760104911009607
2,0.32903445623126676,A,2.796833062393706,0.20588605088912018,0.6760590741533862
2,0.32903445623126676,B,2.79710441445122,0.20470003396001454,0.6760127677815839
2,0.32903445623126676,C,2.7970908234065432,0.20477066181451903,0.6760151740974093
2,0.4520353656360243,A,2.7967137200848007,0.20643031461776296,0.6760798714902811
2,0.4520353656360243,B,2.7970695767654257,0.20479768869369933,0.6760182646934315
2,0.4520353656360243,C,2.7970511973709846,0.20489483444605022,0.6760215358802385
2,0.6210169418915616,A,2.796565465580458,0.20718096133341363,0.6761065796763586
2,0.6210169418915616,B,2.797022598769009,0.20493203255958523,0.6760257118222188
2,0.6210169418915616,C,2.796997899218902,0.20506571049107233,0.6760301405672285
2,0.8531678524172805,A,2.7963910923767665,0.208217516129607,0.6761397936300073
2,0.8531678524172805,B,2.796959721147466,0.20511694101104092,0.6760357458523601
2,0.8531678524172805,C,2.796926824231483,0.2053009968520094,0.6760417073062414
2,1.1721022975334805,A,2.796205993848054,0.2096510045395581,0.6761789585535146
2,1.1721022975334805,B,2.796876463585062,0.20537161447882915,0.6760491603474672
2,1.1721022975334805,C,2.7968332162038574,0.2056252325513171,0.6760571193896849
2,1.6102620275609392,A,2.796052341388143,0.21163680868237927,0.676220815439518
2,1.6102620275609392,B,2.796767951488999,0.205722684943681,0.6760668937038126
2,1.6102620275609392,C,2.796712191706372,0.2060725202667766,0.6760773945721504
2,2.212216291070448,A,2.7960257923129936,0.21439260358684697,0.676256405908146
2,2.212216291070448,B,2.796629876696099,0.2062072028283403,0.6760899519097097
2,2.212216291070448,C,2.7965601170429895,0.2066904189406214,0.6761035664097813
2,3.039195382313198,A,2.796324151154311,0.21822265395895266,0.6762655330560616
2,3.039195382313198,B,2.7964607565526096,0.20687690028725847,0.6761191910524931
2,3.039195382313198,C,2.7963777012673847,0.20754552902639117,0.6761363787550894
2,4.175318936560401,A,2.7973329058480227,0.22354879979300588,0.6762069250264039
2,4.175318936560401,B,2.7962667423835166,0.2078043116418836,0.6761548163231982
2,4.175318936560401,C,2.7961764164994554,0.20873154799067717,0.6761756084947615
2,5.736152510448681,A,2.7997692588686753,0.23094541906587762,0.6760015525369193
2,5.736152510448681,B,2.7960712733467967,0.20909158558581367,0.6761953321950307
2,5.736152510448681,C,2.7959911753993416,0.21038089931032636,0.6762186774247323
2,7.880462815669913,A,2.8049115646545753,0.24116888762167615,0.6755059148609728
2,7.880462815669913,B,2.795933671263246,0.21088313114280763,0.6762354674676478
2,7.880462815669913,C,2.795904435143925,0.2126813944517296,0.6762579513677861
2,10.82636733874054,A,2.8149380924897143,0.2551606892612811,0.6744724368414888
2,10.82636733874054,B,2.795983728743706,0.21338349733328102,0.6762622512775388
2,10.82636733874054,C,2.7960905023744735,0.2158995719675492,0.6762757004301575
2,14.873521072935118,A,2.8333748152610063,0.2739904066020408,0.6724969334604056
2,14.873521072935118,B,2.796483869709128,0.2168817761978083,0.6762478828036851
2,14.873521072935118,C,2.796894154401491,0.22041182114406177,0.6762350642535915
2,20.433597178569418,A,2.865590030807982,0.29870070563845275,0.6689603362844453
2,20.433597178569418,B,2.7979366255821065,0.2217825870464218,0.676137309405975
2,20.433597178569418,C,2.798964530899521,0.2267419683184564,0.6760645568057593
2,28.072162039411758,A,2.919167860791883,0.3300359913743738,0.6629842798921008
2,28.072162039411758,B,2.80126180045012,0.22863994854269876,0.6758276419189734
2,28.072162039411758,C,2.803471515649359,0.23559779967776065,0.6756328984077321
2,38.56620421163472,A,3.0038740015498275,0.3680859669811572,0.6534341045029154
2,38.56620421163472,B,2.8080706739121952,0.23818229515342393,0.6751361751157425
2,38.56620421163472,C,2.812431478589822,0.24788735758528288,0.6747109864934807
2,52.98316906283707,A,3.130883379548591,0.41194208546415373,0.6390080512139619
2,52.98316906283707,B,2.821054591957954,0.251304169935253,0.6737549408677166
2,52.98316906283707,C,2.8291499918824172,0.2646805682440981,0.6729200544477996
2,72.78953843983146,A,3.311083151951671,0.45952306963257666,0.6184346922684589
2,72.78953843983146,B,2.8444671784870774,0.2689877985739309,0.6711941814271448
2,72.78953843983146,C,2.8587334537082874,0.287072886945693,0.6696715782375335
2,100.0,A,3.5526340397915925,0.5077386361701723,0.5907574111120522
2,100.0,B,2.8845986507136976,0.29211964645486244,0.6667265951934984
2,100.0,C,2.9085181874867154,0.3159230116200523,0.6641165990155811
3,0.0,A_OLS,0.9242534699681076,0.16247220981130087,0.8922634322356204
3,0.01,A,0.9241497106069975,0.16236149655717247,0.8922769339852238
3,0.01,B,0.9242296028990712,0.16245300205471802,0.8922665820469696
3,0.01,C,0.9242353883395946,0.1624585577005511,0.8922658277393891
3,0.01373823795883263,A,0.9241110745446466,0.16232019658640534,0.8922819628072294
3,0.01373823795883263,B,0.9242206932976126,0.16244582670239618,0.8922677579922451
3,0.01373823795883263,C,0.9242286374220837,0.16245345660906305,0.8922667222101539
3,0.018873918221350976,A,0.9240581296590463,0.16226353494349713,0.8922888551867016
3,0.018873918221350976,B,0.9242084641336324,0.16243597343222627,0.8922693721785155
3,0.018873918221350976,C,0.9242193703206597,0.16244645072930666,0.892267950146165
3,0.02592943797404667,A,0.9239856455985341,0.1621858372783636,0.8922982933320229
3,0.02592943797404667,B,0.9241916842676426,0.1624224450701266,0.8922715872305764
3,0.02592943797404667,C,0.9242066530432874,0.1624368298854031,0.8922696353991935
3,0.035622478902624426,A,0.9238865412411392,0.1620793680341996,0.8923112017679855
3,0.035622478902624426,B,0.9241686709864675,0.16240387511728038,0.892274625505389
3,0.035622478902624426,C,0.9241892083039536,0.16242362008380917,0.8922719474071332
3,0.04893900918477494,A,0.9237512842529656,0.16193361233280518,0.8923288267975634
3,0.04893900918477494,B,0.9241371288215754,0.16237839272053478,0.8922787904865276
3,0.04893900918477494,C,0.9241652923582746,0.1624054863602695,0.892275117606219
3,0.06723357536499334,A,0.9235671453113511,0.161734334624103,0.8923528360440157
3,0.06723357536499334,B,0.924093934797642,0.1623434398216911,0.8922844953571178
3,0.06723357536499334,C,0.9241325303379557,0.16238060059976395,0.892279461425801
3,0.09236708571873861,A,0.9233173197678832,0.16146236876192804,0.8923854374198925
3,0.09236708571873861,B,0.9240348558835967,0.16229552491092603,0.8922923007240264
3,0.09236708571873861,C,0.9240876985290424,0.16234646236277606,0.8922854074706004
3,0.12689610031679222,A,0.9229799890939313,0.16109210799155263,0.8924295099664313
3,0.12689610031679222,B,0.9239541840366732,0.16222989394414256,0.8923029635981786
3,0.12689610031679222,C,0.9240264411223761,0.16229965724889117,0.8922935356810232
3,0.17433288221999882,A,0.9225275178139357,0.1605897051393562,0.8924887244823347
3,0.17433288221999882,B,0.9238442777653587,0.1621400952779567,0.8923174994194998
3,0.17433288221999882,C,0.9239429105543691,0.16223553333440072,0.8923046261702172
3,0.2395026619987486,A,0.9219262193396511,0.1599110874968365,0.892567603634031
3,0.2395026619987486,B,0.9236950111707454,0.16201741321391777,0.8923372575997505
3,0.2395026619987486,C,0.9238293278559535,0.16214777220680265,0.8923197196872316
3,0.32903445623126676,A,0.9211375558094044,0.15900007536626523,0.8926714197379374
3,0.32903445623126676,B,0.9234931603058525,0.16185014649034818,0.8923640077339605
3,0.32903445623126676,C,0.9236754784620625,0.16202782821842887,0.8923401885290015
3,0.4520353656360243,A,0.9201223756378422,0.15778721957769787,0.8928057400956793
3,0.4520353656360243,B,0.9232218167831714,0.16162271845954754,0.8924000265588777
3,0.4520353656360243,C,0.9234682004930332,0.16186421012072882,0.8923678119242513
3,0.6210169418915616,A,0.918850970550872,0.15619049718201636,0.892975288885548
3,0.6210169418915616,B,0.9228600328565133,0.16131463237996221,0.8924481621173752
3,0.6210169418915616,C,0.9231910048954294,0.1616415875556245,0.8924048402357373
3,0.8531678524172805,A,0.917323446030046,0.1541197569017049,0.8931815902886837
3,0.8531678524172805,B,0.9223831038237462,0.16089933937772824,0.892511827381892
3,0.8531678524172805,C,0.9228241189084232,0.16133972839912625,0.8924540142847178
3,1.1721022975334805,A,0.9156070671627632,0.15148774320202735,0.8934186002378575
3,1.1721022975334805,B,0.9217642222103564,0.160343181634168,0.892594835948505
3,1.1721022975334805,C,0.9223455071982437,0.16093232334093593,0.8925184747220054
3,1.6102620275609392,A,0.9138993962440377,0.1482314948112314,0.8936652822055404
3,1.6102620275609392,B,0.9209787238552766,0.15960472004640072,0.8927009336517242
3,1.6102620275609392,C,0.9217338476826369,0.16038584794118002,0.8926014457233451
3,2.212216291070448,A,0.912627110227984,0.14434871086214282,0.8938739662665054
3,2.212216291070448,B,0.9200127721014508,0.15863495271123765,0.8928328041119317
3,2.212216291070448,C,0.9209750609574041,0.1596587710848491,0.8927055026297477
3,3.039195382313198,A,0.9125887568296307,0.1399542774236391,0.8939535446711011
3,3.039195382313198,B,0.9188789782906627,0.15737915852405607,0.8929902474836939
3,3.039195382313198,C,0.9200748080744596,0.15870166894835144,0.8928311352708418
3,4.175318936560401,A,0.9151437426993574,0.13536256954323184,0.8937472914940265
3,4.175318936560401,B,0.917641918487153,0.15578134764259358,0.8931671772096674
3,4.175318936560401,C,0.9190802988203984,0.15745918700933484,0.8929742081125533
3,5.736152510448681,A,0.9224386958233364,0.13119928495275723,0.8930064352174198
3,5.736152510448681,B,0.9164566575327147,0.1537926743938225,0.8933470663202684
3,5.736152510448681,C,0.9181156863785592,0.1558754023780487,0.8931218093153979
3,7.880462815669913,A,0.9376465133459602,0.12853219114182288,0.8913624797033572
3,7.880462815669913,B,0.9156237409451584,0.15138607743788843,0.8934964452076045
3,7.880462815669913,C,0.9174364232971361,0.1539051861132357,0.8932458574160618
3,10.82636733874054,A,0.965175640012825,0.12896213271477253,0.8883033144999251
3,10.82636733874054,B,0.9156662689721238,0.14858154141758834,0.8935558164775115
3,10.82636733874054,C,0.9175101345484503,0.15153597694738594,0.8932935912245854
3,14.873521072935118,A,1.0107942020229395,0.13453729359289437,0.8831595552065243
3,14.873521072935118,B,0.9174401694054317,0.14548979953004176,0.8934267202565565
3,14.873521072935118,C,0.9191363970694866,0.1488270055218419,0.893173519926769
3,20.433597178569418,A,1.0816138735577023,0.14736746343912052,0.8751073035249292
3,20.433597178569418,B,0.9222948325280754,0.14238450693356794,0.8929529755677408
3,20.433597178569418,C,0.9236250745948205,0.1459750875719756,0.8927345765291305
3,28.072162039411758,A,1.1858884819086934,0.16907338295796123,0.8631920550224356
3,28.072162039411758,B,0.9322966383227632,0.13980736584087194,0.8918946604729262
3,28.072162039411758,C,0.933055453549825,0.1434133310106043,0.8917359225197214
3,38.56620421163472,A,1.332580297529796,0.2004103800002683,0.8463786430461047
3,38.56620421163472,B,0.9504990772251098,0.1386886968369235,0.8898967781767485
3,38.56620421163472,C,0.9506204875997278,0.1419339940271279,0.8898069533949983
3,52.98316906283707,A,1.5306215263736118,0.24113003430999475,0.8236354930878214
3,52.98316906283707,B,0.981193744027963,0.14042400826071158,0.8864603639945263
3,52.98316906283707,C,0.9810077573308902,0.1427923531831888,0.8864032166319363
3,72.78953843983146,A,1.7877922344428157,0.2898984470818915,0.7940629779754695
3,72.78953843983146,B,1.0300390883858574,0.14680558986664413,0.8809281309367434
3,72.78953843983146,C,1.030689096332028,0.14770199099388132,0.8807732290693817
3,100.0,A,2.1092262640167867,0.34430966570839805,0.7570655909144474
3,100.0,B,1.1039777359467897,0.15973561634386566,0.8724949316674445
3,100.0,C,1.107924365772918,0.1586218670579178,0.8719588070514996
4,0.0,A_OLS,0.7357994782534938,0.09830761187985683,0.9146578526127286
4,0.01,A,0.7348810714269336,0.09800336172629659,0.9147650904683324
4,0.01,B,0.7356731407750363,0.0982736331738425,0.9146727362947968
4,0.01,C,0.7357073502423498,0.09828169238433339,0.9146686503384236
4,0.01373823795883263,A,0.7345418257932778,0.09789127299513921,0.914804710619592
4,0.01373823795883263,B,0.7356260359561524,0.09826097552268459,0.9146782859990502
4,0.01373823795883263,C,0.7356730006364233,0.09827202752852755,0.9146726764413232
4,0.018873918221350976,A,0.7340793181905019,0.09773872044447769,0.914858733484888
4,0.018873918221350976,B,0.735561431113994,0.09824362541289647,0.9146858977847456
4,0.018873918221350976,C,0.735625889956512,0.09825877137326153,0.914678198449163
4,0.02592943797404667,A,0.7334505306049832,0.09753181603857802,0.9149321917024491
4,0.02592943797404667,B,0.7354728803211259,0.09821986334285489,0.9146963314584416
4,0.02592943797404667,C,0.7355613180379885,0.09824060052643147,0.9146857674979255
4,0.035622478902624426,A,0.7325989337494555,0.09725252172027438,0.9150317039135265
4,0.035622478902624426,B,0.7353516122167366,0.09818735745461203,0.9147106211674416
4,0.035622478902624426,C,0.7354728893217025,0.0982157136994449,0.914696133668682
4,0.04893900918477494,A,0.7314514996873391,0.09687793708201868,0.9151658302377934
4,0.04893900918477494,B,0.7351857338906022,0.09814296113244037,0.9147301695283024
4,0.04893900918477494,C,0.7353519327012528,0.09818166774911691,0.9147103141949868
4,0.06723357536499334,A,0.7299161186184548,0.09637994298119472,0.9153453852178179
4,0.06723357536499334,B,0.7349591997086808,0.09808245769155173,0.9147568697375494
4,0.06723357536499334,C,0.7351867504095547,0.09813516509889351,0.914729681889421
4,0.09236708571873861,A,0.7278805062236071,0.0957257216362332,0.9155835838346691
4,0.09236708571873861,B,0.7346505090358038,0.09800025137457008,0.9147932601495278
4,0.09236708571873861,C,0.7349616701996569,0.09807178504430264,0.9147560769576131
4,0.12689610031679222,A,0.7252144313084765,0.09488001242767159,0.9158958096502513
4,0.12689610031679222,B,0.7342311238037359,0.0978890186294595,0.914842712808649
4,0.12689610031679222,C,0.7346558954187191,0.09798565727002642,0.9147919431011141
4,0.17433288221999882,A,0.7217779441942981,0.09381035410262921,0.9162986936219626
4,0.17433288221999882,B,0.7336636618794833,0.09773936461527968,0.9149096500665601
4,0.17433288221999882,C,0.7342421964175342,0.09786909030909528,0.914840483283287
4,0.2395026619987486,A,0.7174388832779488,0.09249682427853494,0.9168081181029597
4,0.2395026619987486,B,0.732900053363221,0.09753958892847905,0.9149997684311654
4,0.2395026619987486,C,0.733685585404038,0.09771219781228033,0.9149058192836768
4,0.32903445623126676,A,0.7121025952131005,0.09094747897531189,0.9174357912091231
4,0.32903445623126676,B,0.7318800822187136,0.09727576837727465,0.9151202217411015
4,0.32903445623126676,C,0.7329422942638391,0.09750262248359591,0.9149931188369373
4,0.4520353656360243,A,0.7057546998286381,0.08921901315385397,0.9181842686872042
4,0.4520353656360243,B,0.7305311132165445,0.0969325319275381,0.9152796720583887
4,0.4520353656360243,C,0.7319596600933703,0.09722555669637932,0.915108621315458
4,0.6210169418915616,A,0.6985135455514687,0.08743799055077105,0.919040777361479
4,0.6210169418915616,B,0.7287703325383588,0.09649514248604399,0.9154880549819702
4,0.6210169418915616,C,0.7306779205792315,0.09686441704028037,0.9152594468847213
4,0.8531678524172805,A,0.6906838070187529,0.08581068717087188,0.9199708053304316
4,0.8531678524172805,B,0.726511426199404,0.09595378048839137,0.915755835379181
4,0.8531678524172805,C,0.7290353558518827,0.09640275655236437,0.9154530231336357
4,1.1721022975334805,A,0.6827991891429536,0.0846016487584852,0.9209128674517217
4,1.1721022975334805,B,0.723678022042334,0.09531111335724027,0.9160924791366238
4,1.1721022975334805,C,0.7269784465718742,0.0958282723921581,0.9156959343129104
4,1.6102620275609392,A,0.675643599594281,0.08406232894868838,0.921775757612096
4,1.6102620275609392,B,0.7202259453000515,0.09459400959150444,0.9165038916405704
4,1.6102620275609392,C,0.7244782895302533,0.09513999301260548,0.9159920440830334
4,2.212216291070448,A,0.6702478811604273,0.08431652366448718,0.9224387607501294
4,2.212216291070448,B,0.7161748320327493,0.09386902368380502,0.9169887391704629
4,2.212216291070448,C,0.721552866945413,0.09435965636184991,0.9163399273845059
4,3.039195382313198,A,0.6678707881444499,0.08525620931604748,0.9227539539797688
4,3.039195382313198,B,0.7116467624171038,0.09325826388790862,0.9175338966134028
4,3.039195382313198,C,0.7182917800904702,0.09354738313698258,0.9167299872010938
4,4.175318936560401,A,0.6699808560256211,0.08652698479079972,0.9225487175789739
4,4.175318936560401,B,0.7069061627645585,0.09294711132948043,0.9181096638866715
4,4.175318936560401,C,0.7148768875239921,0.09281909145467358,0.9171419986199989
4,5.736152510448681,A,0.678251147965511,0.08764275188698782,0.9216269746384349
4,5.736152510448681,B,0.7023931013857062,0.09316962304125082,0.9186656597279121
4,5.736152510448681,C,0.7115916535835822,0.0923577892421374,0.9175439050676311
4,7.880462815669913,A,0.6945614507545237,0.08819196735501585,0.9197695770398344
4,7.880462815669913,B,0.6987429602666572,0.09415685986062583,0.9191282351031967
4,7.880462815669913,C,0.7088165521991522,0.092403837642786,0.9178921813763046
4,10.82636733874054,A,0.7209877208766264,0.08805420912108934,0.9167359574998516
4,10.82636733874054,B,0.6967895854332113,0.09604578002390836,0.9193998009011592
4,10.82636733874054,C,0.7070168178917499,0.0932063284275189,0.9181330517029129
4,14.873521072935118,A,0.7597655267737722,0.08756663528114858,0.9122684906813333
4,14.873521072935118,B,0.6975552027609598,0.09877268008873526,0.9193597631394045
4,14.873521072935118,C,0.7067365802009108,0.09492908909032224,0.9182029496585853
4,20.433597178569418,A,0.8132451460825221,0.08764888793125201,0.9060976220840262
4,20.433597178569418,B,0.7022363570343952,0.10200021766785689,0.9188660758055935
4,20.433597178569418,C,0.7086136212676021,0.0975338020146136,0.9180265863705296
4,28.072162039411758,A,0.8838935370787244,0.08994966944786119,0.8979415736867804
4,28.072162039411758,B,0.7121970492597662,0.10513042102440309,0.9177562178215644
4,28.072162039411758,C,0.7134216394013437,0.1006921290058553,0.9175118870931362
4,38.56620421163472,A,0.9744204634298361,0.09695481989973315,0.8874917365413436
4,38.56620421163472,B,0.7289738011450866,0.10743284757081727,0.9158471598863571
4,38.56620421163472,C,0.7221387723864371,0.10378321490708939,0.9165420811460849
4,52.98316906283707,A,1.0880896431919553,0.11165047124252679,0.8743764537457128
4,52.98316906283707,B,0.7542840734644642,0.10827390318347854,0.9129353739061733
4,52.98316906283707,C,0.7360346859427214,0.10600822180361731,0.9149660231270772
4,72.78953843983146,A,1.2291913606060632,0.13649882720089723,0.8581055499745576
4,72.78953843983146,B,0.7900226084610826,0.10738419583900596,0.9087985629105667
4,72.78953843983146,C,0.7567544048105698,0.10661145799762992,0.912589359693553
4,100.0,A,1.40348923653083,0.17252178901242554,0.838017243956981
4,100.0,B,0.8382457039224807,0.10508737661962728,0.9031987654254097
4,100.0,C,0.7863535646013267,0.10514955053164814,0.9091716063608233
5,0.0,A_OLS,1.1219397347633258,0.31597228655561815,0.8696541596229241
5,0.01,A,1.0203672175196572,0.26793710572884083,0.8814918613752892
5,0.01,B,1.10529877354137,0.30806838935057757,0.8715838486684925
5,0.01,C,1.113994741799601,0.31258052408298653,0.8705775569767681
5,0.01373823795883263,A,0.9903004291616199,0.25483782504247426,0.8849967086235413
5,0.01373823795883263,B,1.0993523047850695,0.30529632612034,0.872273626318371
5,0.01373823795883263,C,1.1110872284281614,0.3113488309705849,0.8709155031651568
5,0.018873918221350976,A,0.954048840537902,0.23968886526223962,0.8892228740366377
5,0.018873918221350976,B,1.0914098338293816,0.3016364258389373,0.8731951128643253
5,0.018873918221350976,C,1.1071464767568262,0.3096875115032559,0.871373564284472
5,0.02592943797404667,A,0.9117733088190377,0.2228534145063442,0.8941517789583064
5,0.02592943797404667,B,1.0809028531833604,0.2968691724502906,0.8744144352457439
5,0.02592943797404667,C,1.1018311060226746,0.3074612907267273,0.8719914413093554
5,0.035622478902624426,A,0.8642825022129683,0.2048911318208576,0.899689359555332
5,0.035622478902624426,B,1.0671758306390828,0.29076708217016367,0.8760079343257766
5,0.035622478902624426,C,1.0947078955138791,0.30450388671261724,0.8728195266057842
5,0.04893900918477494,A,0.8130244963764582,0.18645096715875864,0.9056670544937118
5,0.04893900918477494,B,1.049525521286452,0.2831271719188545,0.8780576444224979
5,0.04893900918477494,C,1.0852435406018377,0.30061978576449294,0.8739198710555123
5,0.06723357536499334,A,0.7599019707842412,0.1681757127613273,0.9118633152539569
5,0.06723357536499334,B,1.0272775092894477,0.2738178879734097,0.8806424324923297
5,0.06723357536499334,C,1.0728091383651206,0.2955935661944464,0.8753656725944705
5,0.09236708571873861,A,0.7069637951583364,0.15069686873361401,0.9180394147484993
5,0.09236708571873861,B,0.9999026705404381,0.2628305868375362,0.8838244505144341
5,0.09236708571873861,C,1.0567078395063465,0.28921045462305384,0.87723806899176
5,0.12689610031679222,A,0.6560954138627813,0.13468701404401917,0.9239752933600526
5,0.12689610031679222,B,0.9671593605932136,0.2503124686810983,0.8876325180775666
5,0.12689610031679222,C,1.0362375965477055,0.2812900625986234,0.8796188409187973
5,0.17433288221999882,A,0.6088179793988422,0.12082664971749414,0.9294928050147906
5,0.17433288221999882,B,0.929224141133996,0.23655108765591876,0.8920467616147973
5,0.17433288221999882,C,1.010797397465175,0.27172976760464623,0.8825780431761832
5,0.2395026619987486,A,0.5662242607718463,0.10961031337529899,0.9344633358410241
5,0.2395026619987486,B,0.8867581427915561,0.22189758355532557,0.8969907330884734
5,0.2395026619987486,C,0.9800327291766511,0.26054464027106256,0.8861570625723877
5,0.32903445623126676,A,0.5290087282249256,0.10112214630875656,0.9388047748098194
5,0.32903445623126676,B,0.8408665465948385,0.20666330837253438,0.9023360612922456
5,0.32903445623126676,C,0.9439930125409344,0.24788152815832717,0.89035029914674
5,0.4520353656360243,A,0.4975409770582872,0.09499190675845456,0.9424734485247338
5,0.4520353656360243,B,0.7929519914162838,0.1910699839498599,0.9079195706673273
5,0.4520353656360243,C,0.903247702110059,0.23398722531288405,0.8950917147230258
5,0.6210169418915616,A,0.47195664172083374,0.09057132266926819,0.9454536866414699
5,0.6210169418915616,B,0.7445169258434527,0.1753133658402181,0.9135663339711868
5,0.6210169418915616,C,0.8588974570459168,0.21913683639259132,0.900253656560072
5,0.8531678524172805,A,0.4522498182364755,0.08717545490946284,0.947746862511422
5,0.8531678524172805,B,0.6969932523005116,0.15969958837896897,0.9191093805382321
5,0.8531678524172805,C,0.812443394483733,0.203571614692126,0.9056621613860157
5,1.1721022975334805,A,0.4383449596340456,0.08425057682713903,0.9493627594669874
5,1.1721022975334805,B,0.65164748524572,0.14472468048315415,0.9244005305699871
5,1.1721022975334805,C,0.7655412158736101,0.18751313764753066,0.911125428066709
5,1.6102620275609392,A,0.4301328213540579,0.08145104990484307,0.9503152903061872
5,1.6102620275609392,B,0.6095520784110768,0.131001193094084,0.9293137912265346
5,1.6102620275609392,C,0.7197314354594463,0.1712656401770104,0.9164647426148346
5,2.212216291070448,A,0.42748005953418333,0.07865317283425771,0.9506214158198979
5,2.212216291070448,B,0.5715808538917522,0.11906975795803561,0.9337464197200621
5,2.212216291070448,C,0.6762510176722478,0.1553162875218622,0.9215358229873635
5,3.039195382313198,A,0.43024231691674275,0.07591953648062845,0.9502996278711666
5,3.039195382313198,B,0.5384014572606937,0.10922696012328457,0.9376204989337629
5,3.039195382313198,C,0.6359804460506682,0.14030401875467205,0.9262347727296364
5,4.175318936560401,A,0.4383070696787697,0.07342659111797303,0.9493648986516303
5,4.175318936560401,B,0.5104722909158843,0.10146627931990125,0.940883552385429
5,4.175318936560401,C,0.5995035694266664,0.12682449767554874,0.9304915721389238
5,5.736152510448681,A,0.4516707477299554,0.07138604637266746,0.9478196788558696
5,5.736152510448681,B,0.4880639648531525,0.09553193804451549,0.9435055959277469
5,5.736152510448681,C,0.5672108490658696,0.11519635702534321,0.9342589346109114
5,7.880462815669913,A,0.4705358663856834,0.06999928548916144,0.9456426802753368
5,7.880462815669913,B,0.47130675298088764,0.09103544108399877,0.945472817120218
5,7.880462815669913,C,0.53938284794193,0.10536687913922235,0.9375032890909833
5,10.82636733874054,A,0.4954145612912454,0.06947035570737257,0.9427769458845348
5,10.82636733874054,B,0.46024177027606183,0.08758896880119044,0.9467810861389283
5,10.82636733874054,C,0.5162320703766164,0.09701720837010235,0.9402000666401464
5,14.873521072935118,A,0.5272428546255625,0.07007156703434056,0.9391165393809053
5,14.873521072935118,B,0.4548537838548505,0.08491601142826587,0.9474321375410634
5,14.873521072935118,C,0.4979200739699534,0.08977271533871442,0.9423314509010672
5,20.433597178569418,A,0.5675263107363343,0.07222328798341857,0.9344893509841343
5,20.433597178569418,B,0.4550902499726542,0.0828980211391312,0.94743167298336
5,20.433597178569418,C,0.4845756868575853,0.08339146978714262,0.943883934336036
5,28.072162039411758,A,0.6185331027919668,0.07654853434655876,0.9286342001160909
5,28.072162039411758,B,0.46089825958607633,0.08153337767079033,0.9467853415578331
5,28.072162039411758,C,0.4763234103768704,0.07786216015235665,0.9448447805975088
5,38.56620421163472,A,0.6835216976857353,0.08391100240642392,0.9211739274490643
5,38.56620421163472,B,0.47231081780598555,0.08083399150313127,0.9454888173125339
5,38.56620421163472,C,0.4733150992841275,0.07338187456550962,0.945198117250263
5,52.98316906283707,A,0.7669521950247217,0.09548923818718974,0.9115907308347116
5,52.98316906283707,B,0.48958554730455395,0.08073899376043475,0.9435117716537016
5,52.98316906283707,C,0.4757586855892698,0.07020425538238005,0.9449213195208769
5,72.78953843983146,A,0.8746015987816623,0.11286951727241688,0.8992132727648505
5,72.78953843983146,B,0.5133687720566404,0.08113139338649251,0.9407790875875792
5,72.78953843983146,C,0.48394775770511556,0.06842037709800292,0.9439813411576126
5,100.0,A,1.0134918043781913,0.13795923729012152,0.8832260280868311
5,100.0,B,0.5448515229115797,0.08197673533285595,0.9371532053279653
5,100.0,C,0.4983028343226315,0.06783557855445584,0.9423298950679608
6,0.01,A,4.242947025537061,2.446432546458172,0.4879776898595905
6,0.01,B,19.274185642838468,8.213149367045096,-1.2613563755287596
6,0.01,C,39.071844405000654,16.33405093942357,-3.586745794218092
6,0.01373823795883263,A,3.469586097687298,1.9375612451072424,0.581884288085604
6,0.01373823795883263,B,15.764290954101483,6.925830242410424,-0.8556712089443469
6,0.01373823795883263,C,32.17583717518987,13.73082913078067,-2.784031194275258
6,0.018873918221350976,A,2.845448454990062,1.5040681598338477,0.6579509088085521
6,0.018873918221350976,B,12.899164482399126,5.854938155349111,-0.5240031419871491
6,0.018873918221350976,C,26.53247905399234,11.68719435716808,-2.1277339911536965
6,0.02592943797404667,A,2.347984774242076,1.1483337903371655,0.7186940157631945
6,0.02592943797404667,B,10.560297587887469,4.948151265247762,-0.25234895312255323
6,0.02592943797404667,C,21.8964656328481,10.01700069250923,-1.5884515354540363
6,0.035622478902624426,A,1.9555165746443106,0.8665762566598824,0.766624342095288
6,0.035622478902624426,B,8.652586766695503,4.168615987537143,-0.029659658292173964
6,0.035622478902624426,C,18.071828607144667,8.595926895615248,-1.1428648172194278
6,0.04893900918477494,A,1.6476131897866104,0.6505035287604276,0.8041756077899211
6,0.04893900918477494,B,7.098035506236559,3.4909260620416274,0.15293896167995694
6,0.04893900918477494,C,14.906700076975858,7.354608312640068,-0.7730906328391406
6,0.06723357536499334,A,1.405929960995349,0.48938984205079217,0.833574653687231
6,0.06723357536499334,B,5.832664402435183,2.8999727473218977,0.3025722625624753
6,0.06723357536499334,C,12.283322877606738,6.257894316310245,-0.46543130031796964
6,0.09236708571873861,A,1.2149359714626262,0.372149503415981,0.8567288000511045
6,0.09236708571873861,B,4.804661200642327,2.3880849814370166,0.42491242512742244
6,0.09236708571873861,C,10.108696217796695,5.2863662460226095,-0.20920664342811915
6,0.12689610031679222,A,1.0622363751879724,0.28893770627290144,0.875169868904987
6,0.12689610031679222,B,3.972334910263418,1.9506570729283994,0.5244913875121383
6,0.12689610031679222,C,8.30811424936782,4.426909032127119,0.004053289714282082
6,0.17433288221999882,A,0.9384678710745963,0.23174208027562326,0.8900580584900052
6,0.17433288221999882,B,3.301664654630912,1.5828615134954445,0.6050360774395129
6,0.17433288221999882,C,6.821302715191733,3.6702963949056913,0.18109807487984053
6,0.2395026619987486,A,0.8369087883883213,0.19396550257990797,0.9022267022341435
6,0.2395026619987486,B,2.763979230294821,1.278507285141911,0.6697557567022259
6,0.2395026619987486,C,5.5996615481978145,3.010592630350388,0.3273145743320505
6,0.32903445623126676,A,0.7529631924885811,0.16978681705620258,0.9122458731446341
6,0.32903445623126676,B,2.3343310261718497,1.0300566484603082,0.7215203428523862
6,0.32903445623126676,C,4.603426354044044,2.4435629226075792,0.44709305663971116
6,0.4520353656360243,A,0.6836184723077146,0.15411370344297326,0.9204904121674838
6,0.4520353656360243,B,1.9907895176406545,0.8288305865889868,0.7629145875361844
6,0.4520353656360243,C,3.7986907519726154,1.9645648274150214,0.544202755238271
6,0.6210169418915616,A,0.6269271591676565,0.14300964931368687,0.9272046796514509
6,0.6210169418915616,B,1.714479019104613,0.6656104978468228,0.7962006639006386
6,0.6210169418915616,C,3.155006039857783,1.5672420140894876,0.6220860592790812
6,0.8531678524172805,A,0.5815549006833207,0.13391921464174525,0.932558249150329
6,0.8531678524172805,B,1.4899005920815254,0.5320207064242569,0.8232526123925012
6,0.8531678524172805,C,2.644158420961271,1.2433442734666404,0.6839982685830376
6,1.1721022975334805,A,0.5464398575766005,0.12547686722917925,0.9366871206467812
6,1.1721022975334805,B,1.3050628962143669,0.4220489132503365,0.8455235910017423
6,1.1721022975334805,C,2.2401307013647993,0.9831796631715795,0.7329953417298708
6,1.6102620275609392,A,0.5205935393978605,0.1171482106036373,0.9397173622111599
6,1.6102620275609392,B,1.1512042183719662,0.3325861710342532,0.8640718691317861
6,1.6102620275609392,C,1.9197802095563685,0.7763379306664889,0.7718319582606399
6,2.212216291070448,A,0.5030388785696606,0.10892353227660677,0.9417722572503227
6,2.212216291070448,B,1.022197083167832,0.26266505439412197,0.8796318046043499
6,2.212216291070448,C,1.6636198903876012,0.6127112427255232,0.802849399371642
6,3.039195382313198,A,0.4928499040654727,0.10111443517240373,0.9429675164192487
6,3.039195382313198,B,0.9138605134958355,0.21188818458192712,0.8926994659380514
6,3.039195382313198,C,1.4562191897109613,0.4836989900875732,0.8279143758053371
6,4.175318936560401,A,0.4892458259373026,0.09422023867088482,0.9434001820125246
6,4.175318936560401,B,0.823347216224945,0.17864764753685697,0.9036102562688543
6,4.175318936560401,C,1.286036952108923,0.3830382486488175,0.84843128559149
6,5.736152510448681,A,0.49169917518912554,0.08880891759066138,0.9431359349433756
6,5.736152510448681,B,0.7486601906808732,0.15904847843688724,0.9126003423889546
6,5.736152510448681,C,1.1448090620913571,0.30669388105828965,0.8654114843844715
6,7.880462815669913,A,0.5000306695675676,0.08535630724246336,0.9421980462902322
6,7.880462815669913,B,0.6882908542500299,0.14772805516134616,0.9198518621760652
6,7.880462815669913,C,1.0267740916908092,0.2517496917635479,0.8795640151126373
6,10.82636733874054,A,0.5144752765733942,0.08403956439031363,0.9405598946948095
6,10.82636733874054,B,0.640965645025892,0.13994676458460364,0.9255232210355923
6,10.82636733874054,C,0.9279784984007889,0.2148508256109185,0.8913781131278092
6,14.873521072935118,A,0.535715893574744,0.0845980008715595,0.9381415053863844
6,14.873521072935118,B,0.6054985951186712,0.1328446280027881,0.9297653163166208
6,14.873521072935118,C,0.8457518954978243,0.19130910935043846,0.9011863750076164
6,20.433597178569418,A,0.5648936585552528,0.08640987916069194,0.9348089420599246
6,20.433597178569418,B,0.5807439304416799,0.12536680579860485,0.9327253554418127
6,20.433597178569418,C,0.7783137407281944,0.1757651136765352,0.9092127634740415
6,28.072162039411758,A,0.6036099367265524,0.08877829174148702,0.9303745983365992
6,28.072162039411758,B,0.5656283982784516,0.11768772536567382,0.9345414438909767
6,28.072162039411758,C,0.7244367134781708,0.1637039389167747,0.9156137316458419
6,38.56620421163472,A,0.6539284795730648,0.09127211246784528,0.9245972869223233
6,38.56620421163472,B,0.5592352814844583,0.11066489479138553,0.9353315570050864
6,38.56620421163472,C,0.6831397923491817,0.15235824221909117,0.9205153169873459
6,52.98316906283707,A,0.7183754780823072,0.09401107296559043,0.9171824631823959
6,52.98316906283707,B,0.5609158408978694,0.1053678176269279,0.9351797573439427
6,52.98316906283707,C,0.6534508703272129,0.1406797600295421,0.9240415305354925
6,72.78953843983146,A,0.7999374319916035,0.09790240097585078,0.9077827713221691
6,72.78953843983146,B,0.5704087101565352,0.10260347489632314,0.9341219153555809
6,72.78953843983146,C,0.6342982725961983,0.1289065467501393,0.9263271820303751
6,100.0,A,0.9020762033085059,0.10484615760528947,0.8959967639911524
6,100.0,B,0.5879454330378105,0.10250881276929728,0.9321334891855185
6,100.0,C,0.6245486640222808,0.11809083001678718,0.9275131421595599
7,0.01,A,3.4394375585280614,1.5893662394921464,0.589007382802653
7,0.01,B,8.703770767258979,4.595088953565806,-0.040617859857194925
7,0.01,C,11.03842895803147,6.136261985544832,-0.3191590744595539
7,0.01373823795883263,A,3.01880047145316,1.398344943586176,0.6391109683151097
7,0.01373823795883263,B,8.126729749946247,4.205586576854529,0.027890401347967397
7,0.01373823795883263,C,10.772860109453324,5.97690572999474,-0.28757821673531236
7,0.018873918221350976,A,2.635658387104471,1.2083422329945168,0.6849471078497409
7,0.018873918221350976,B,7.509773842731204,3.8087464705381557,0.10109854460092385
7,0.018873918221350976,C,10.450415588687992,5.77665394714871,-0.24918820332483665
7,0.02592943797404667,A,2.2923311052765682,1.0210791336561236,0.7262045217169961
7,0.02592943797404667,B,6.869507459345099,3.4267037827936426,0.17703573283491433
7,0.02592943797404667,C,10.068017824035818,5.531890934681967,-0.2035987699445542
7,0.035622478902624426,A,1.9901396451141053,0.8421666713543825,0.762665686616909
7,0.035622478902624426,B,6.22348618589884,3.07672086041096,0.25363967072551374
7,0.035622478902624426,C,9.625344608201658,5.24260157428345,-0.15074995202962388
7,0.04893900918477494,A,1.7290260888354623,0.6783944895312735,0.7942697111719361
7,0.04893900918477494,B,5.587733501048229,2.76608895606149,0.329053419877146
7,0.04893900918477494,C,9.125237743600703,4.9137167166706925,-0.09096933591451482
7,0.06723357536499334,A,1.5073068741080067,0.535410075883313,0.8211575565783699
7,0.06723357536499334,B,4.975257851062497,2.491236309719435,0.4017932189987228
7,0.06723357536499334,C,8.573942162528214,4.55539055251395,-0.025007743035147113
7,0.09236708571873861,A,1.3217224724193453,0.4163696484798163,0.8436758140792154
7,0.09236708571873861,B,4.395897030982292,2.2414988156469247,0.47075145736003643
7,0.09236708571873861,C,7.981041385739351,4.181601248777264,0.045967460835029075
7,0.12689610031679222,A,1.1678453262893311,0.32170591889343403,0.8623306133654214
7,0.12689610031679222,B,3.8569395244814673,2.004936278018769,0.5351063933908771
7,0.12689610031679222,C,7.3588259906898115,3.8071656724411773,0.12045494238921606
7,0.17433288221999882,A,1.0407305839299394,0.24974076945145343,0.8777070824167351
7,0.17433288221999882,B,3.36375435951076,1.7729775247837423,0.5942352973743534
7,0.17433288221999882,C,6.7210456109328165,3.444203385594373,0.19678103833084384
7,0.2395026619987486,A,0.9355671818615766,0.197624632749331,0.8903861312808639
7,0.2395026619987486,B,2.9200621108406932,1.5424714165098927,0.6476777026514983
7,0.2395026619987486,C,6.081461361731458,3.099617559198475,0.27328470054846515
7,0.32903445623126676,A,0.8481236217436642,0.1620863051400877,0.900885690028387
7,0.32903445623126676,B,2.5279119634848963,1.3154480930391268,0.6951420132297734
7,0.32903445623126676,C,5.45279597735931,2.774710496383727,0.3484489270560722
7,0.4520353656360243,A,0.7749356119817892,0.13972212752848914,0.9096341529375177
7,0.4520353656360243,B,2.1875536874197907,1.0974509963837713,0.7365317065255298
7,0.4520353656360243,C,4.846310667659671,2.4668495800042836,0.42094901196610063
7,0.6210169418915616,A,0.7133116265705042,0.12698583965984503,0.9169671884893875
7,0.6210169418915616,B,1.8973336225207802,0.8952735898825479,0.7719720322646447
7,0.6210169418915616,C,4.2717550804037385,2.172149294454992,0.4896491854634542
7,0.8531678524172805,A,0.6612601915905557,0.12032503912839013,0.9231351466715927
7,0.8531678524172805,B,1.653723652480851,0.7148500918220352,0.8018195285942508
7,0.8531678524172805,C,3.7373490398582128,1.8880335935023904,0.5535924613472087
7,1.1721022975334805,A,0.6173986652325746,0.1166088625063798,0.9283135570625116
7,1.1721022975334805,B,1.4516160154502735,0.5598846007376124,0.8266352365383394
7,1.1721022975334805,C,3.249675736344245,1.6148767932659276,0.6120035149628562
7,1.6102620275609392,A,0.5808535854423469,0.11353615325879342,0.9326152690407253
7,1.6102620275609392,B,1.2849409202806257,0.4314790370592798,0.8471140760268263
7,1.6102620275609392,C,2.8135102124896356,1.356240047421027,0.6643062326880956
7,2.212216291070448,A,0.5511449516544666,0.10977753495925752,0.9361048200924602
7,2.212216291070448,B,1.1474714031281976,0.3286377189428354,0.86398767563829
7,2.212216291070448,C,2.4315897695146527,1.1176705838877656,0.7101559291708733
7,3.039195382313198,A,0.5280592180270889,0.10487458859004871,0.9388140327360508
7,3.039195382313198,B,1.0335441104320793,0.2492458767432412,0.8779347743784255
7,3.039195382313198,C,2.1043433302183803,0.90467009925242,0.7494805756913803
7,4.175318936560401,A,0.5115343562786705,0.09901352449962675,0.9407557879005669
7,4.175318936560401,B,0.9384824170777574,0.19101699424419563,0.8895262479068637
7,4.175318936560401,C,1.829716674086463,0.7208459844577375,0.7825092471563647
7,5.736152510448681,A,0.5015837558508239,0.09277557361709005,0.9419328926143098
7,5.736152510448681,B,0.8586932154826684,0.15188166035372094,0.8992092318104726
7,5.736152510448681,C,1.6033242872503866,0.5670772081359997,0.8097567943176813
7,7.880462815669913,A,0.4982733668095124,0.08692067116555381,0.942340691028102
7,7.880462815669913,B,0.7915548456749154,0.12932993630847747,0.907316879347262
7,7.880462815669913,C,1.4190640234801564,0.44188664702284863,0.8319488061556151
7,10.82636733874054,A,0.5017522655538752,0.08220400329717917,0.9419637009180795
7,10.82636733874054,B,0.7352359653320565,0.11918338991927371,0.9140873738078297
7,10.82636733874054,C,1.2700713798070056,0.34256481153270124,0.8499043781730469
7,14.873521072935118,A,0.5123287129426983,0.07920129144658984,0.9407672501717844
7,14.873521072935118,B,0.6885217343430852,0.11589190778325245,0.9196832507874516
7,14.873521072935118,C,1.1496808162998473,0.2663174783610007,0.8644191105080804
7,20.433597178569418,A,0.5305786875781424,0.07817079147342162,0.9386854346212722
7,20.433597178569418,B,0.6506576816327537,0.11458315695889236,0.9242096577569388
7,20.433597178569418,C,1.0520809994931333,0.21083746290636785,0.8761866804339953
7,28.072162039411758,A,0.5574688120311085,0.0790535321143857,0.935607215582046
7,28.072162039411758,B,0.6212017839835307,0.11239390267491696,0.9277321374191043
7,28.072162039411758,C,0.9725576409494734,0.17396957449371334,0.885770887128207
7,38.56620421163472,A,0.594474023062816,0.0816622160122028,0.9313627472865503
7,38.56620421163472,B,0.5998943450494298,0.10840853918058474,0.9302921533879775
7,38.56620421163472,C,0.9074294530067961,0.15260349221895647,0.8936141581350731
7,52.98316906283707,A,0.6436772506574686,0.08594282236120206,0.9257114497338085
7,52.98316906283707,B,0.5865769982632224,0.10309285959343334,0.9319164084085777
7,52.98316906283707,C,0.853868253835951,0.14198483433460776,0.90005893672556
7,72.78953843983146,A,0.7078504242558485,0.09214176078093428,0.9183321857581349
7,72.78953843983146,B,0.5811899261704092,0.09771197415474782,0.9326168737741227
7,72.78953843983146,C,0.8097478333612897,0.13673083645634695,0.9053649594823872
7,100.0,A,0.7905187871713008,0.100864294832557,0.9088156792769967
7,100.0,B,0.5838503328755003,0.09375357508694003,0.932381765590297
7,100.0,C,0.7735618266443676,0.13256102195806743,0.9097183107466472
8,0.01,A,3.279418914675797,1.256842102947475,0.610059392918732
8,0.01,B,4.639104577251238,1.592390962007071,0.44792727080653555
8,0.01,C,5.9743682653615755,2.913782899642001,0.2872944700471076
8,0.01373823795883263,A,3.075063274642295,1.1914843365003491,0.6343055845508617
8,0.01373823795883263,B,4.5734160865943165,1.5919720977822358,0.4554872571702736
8,0.01373823795883263,C,5.942542945109815,2.9123220365719327,0.290899085391558
8,0.018873918221350976,A,2.8553350452007678,1.115071260591178,0.6604124337699944
8,0.018873918221350976,B,4.492180702294085,1.588624097489606,0.4648742616199709
8,0.018873918221350976,C,5.9019842522965975,2.909159036230783,0.29550523403714213
8,0.02592943797404667,A,2.6250154517125557,1.0278790574129744,0.6878250159384816
8,0.02592943797404667,B,4.393341336795686,1.5804429601806922,0.4763474408080812
8,0.02592943797404667,C,5.851049688001356,2.9030014995944575,0.30131084267317465
8,0.035622478902624426,A,2.390080368086209,0.9313954067411696,0.7158444872443221
8,0.035622478902624426,B,4.27497844857532,1.5652088743149721,0.49015289924399974
8,0.035622478902624426,C,5.787940508374802,2.8918958303046844,0.30853838108605763
8,0.04893900918477494,A,2.157264380596608,0.8284054274150634,0.7436750203765807
8,0.04893900918477494,B,4.135463414370865,1.5407441502983,0.5065023308207588
8,0.04893900918477494,C,5.7105815638212665,2.8731427159696996,0.31744982505030583
8,0.06723357536499334,A,1.9333886950636106,0.7227320341597846,0.7705001873655601
8,0.06723357536499334,B,3.973737513741832,1.5053358272199344,0.5255368748790842
8,0.06723357536499334,C,5.616478284722788,2.843411963495727,0.32836243917628916
8,0.09236708571873861,A,1.7245386212075817,0.618695190316666,0.7955808881184414
8,0.09236708571873861,B,3.7896960379340867,1.4580284708638158,0.5472801634871289
8,0.09236708571873861,C,5.502726883769109,2.7991629254614643,0.3416441807524505
8,0.12689610031679222,A,1.5352880550818628,0.5204754557105081,0.8183514606173545
8,0.12689610031679222,B,3.5845541895387263,1.3986401025359487,0.5715957661983602
8,0.12689610031679222,C,5.366385628758776,2.7373606993075117,0.3576649194953664
8,0.17433288221999882,A,1.3682043506785246,0.4315960285384276,0.8384839986943937
8,0.17433288221999882,B,3.361031968472754,1.3275243653205941,0.5981673560309686
8,0.17433288221999882,C,5.20524371487585,2.656280828036643,0.37670107588430024
8,0.2395026619987486,A,1.2237821741009332,0.3546672196133457,0.8559004215039216
8,0.2395026619987486,B,3.1232726757658087,1.2452846282595988,0.6265097368505766
8,0.2395026619987486,C,5.018713100227638,2.5560438822642624,0.3988283047058848
8,0.32903445623126676,A,1.1007882092150152,0.29136489188571496,0.8707331794795078
8,0.32903445623126676,B,2.8765471735669608,1.15269623465158,0.656002951454052
8,0.32903445623126676,C,4.808375533591845,2.4385764151632436,0.4238585081405796
8,0.4520353656360243,A,0.9968561294393113,0.24241995752652135,0.8832544266057866
8,0.4520353656360243,B,2.62686967100325,1.050942856171774,0.6859345511193267
8,0.4520353656360243,C,4.577848382129855,2.3069853023658218,0.45135985894763025
8,0.6210169418915616,A,0.9091327317327703,0.207373042144954,0.8937987792104634
8,0.6210169418915616,B,2.3806022521143233,0.9420141608784308,0.715542599873019
8,0.6210169418915616,C,4.332017465031048,2.164673377436139,0.4807514571464722
8,0.8531678524172805,A,0.8348289283702508,0.18420265995312088,0.9026977449748446
8,0.8531678524172805,B,2.144023829007256,0.8289513696544814,0.7440647247643156
8,0.8531678524172805,C,4.076035155259916,2.014653220149003,0.5114229942656318
8,1.1721022975334805,A,0.7716063117779743,0.16945146119167792,0.9102337650778676
8,1.1721022975334805,B,1.9228039070193348,0.7157008113451542,0.7708018983267724
8,1.1721022975334805,C,3.8145520575730045,1.8593357613968724,0.5428233983492285
8,1.6102620275609392,A,0.7177822558189207,0.15921561314398724,0.9166153728056976
8,1.6102620275609392,B,1.7214050059743684,0.6065833647848693,0.7951939130069736
8,1.6102620275609392,C,3.5514322011987725,1.7007349901955169,0.5744905803423672
8,2.212216291070448,A,0.6723612625791475,0.15034173649194982,0.9219723933367068
8,2.212216291070448,B,1.5425726530089472,0.505623889626494,0.81688575323197
8,2.212216291070448,C,3.2899003341173225,1.540798101270265,0.6060311586924004
8,3.039195382313198,A,0.6349199553554222,0.141016439963773,0.9263681135304896
8,3.039195382313198,B,1.3871227571637503,0.4160504035088389,0.8357575138134459
8,3.039195382313198,C,3.032900851903154,1.3815948218997283,0.6370781434659325
8,4.175318936560401,A,0.6053999524663483,0.1306917439133419,0.9298222916696751
8,4.175318936560401,B,1.2541314698335413,0.34012640198802074,0.8519039768246113
8,4.175318936560401,C,2.783451602688887,1.2253180581374392,0.6672519696139775
8,5.736152510448681,A,0.5838851877780336,0.11971323494663293,0.9323362580143147
8,5.736152510448681,B,1.1414484110175684,0.27920991959136604,0.8655735186348655
8,5.736152510448681,C,2.5448398494976807,1.0742434795337075,0.696141058779984
8,7.880462815669913,A,0.5704393612677433,0.10894449765004016,0.9339114030545156
8,7.880462815669913,B,1.0463337791270522,0.23371502719124992,0.8770912376316033
8,7.880462815669913,C,2.3205483521019765,0.9307993364457449,0.7233133370288503
8,10.82636733874054,A,0.5650516141459969,0.09948400442815031,0.9345554211859095
8,10.82636733874054,B,0.9660285866576815,0.2027148590641886,0.8867898523591846
8,10.82636733874054,C,2.1138609397726347,0.7977347300709386,0.7483641299446722
8,14.873521072935118,A,0.5676981276755059,0.09241099464317303,0.9342752531147838
8,14.873521072935118,B,0.8981571952523726,0.1834832678412919,0.8949605141466475
8,14.873521072935118,C,1.9272429380806937,0.6781965239848498,0.7709896475420634
8,20.433597178569418,A,0.5784905080689327,0.0884605768700639,0.9330599946391593
8,20.433597178569418,B,0.8409489383318732,0.17184513380324828,0.9018250218364366
8,20.433597178569418,C,1.7617597707400354,0.5754541474466138,0.7910555436295293
8,28.072162039411758,A,0.5978576599472651,0.08770162817907783,0.9308600024301079
8,28.072162039411758,B,0.7933058540609765,0.1635202746987287,0.9075263551257088
8,28.072162039411758,C,1.6168356858343937,0.4920901056256525,0.8086251363245468
8,38.56620421163472,A,0.6267017975481204,0.08950868117418075,0.9275691929281693
8,38.56620421163472,B,0.7547448662627332,0.15542072848106514,0.9121344081562361
8,38.56620421163472,C,1.490499319551733,0.4287564979113824,0.8239301015501121
8,52.98316906283707,A,0.6664848024712217,0.09294994707532034,0.923015601153771
8,52.98316906283707,B,0.7252405497688339,0.14612429624487328,0.9156638970162364
8,52.98316906283707,C,1.3800157547065601,0.38314824960702415,0.8372956564788028
8,72.78953843983146,A,0.7192330918134875,0.09731047755449118,0.9169613997728788
8,72.78953843983146,B,0.7050136773828145,0.1356888924341728,0.9180989515767985
8,72.78953843983146,C,1.2826347419144692,0.3502150820451291,0.8490520884413961
8,100.0,A,0.7874815649913621,0.10244482933126373,0.9091098413843092
8,100.0,B,0.69434084730905,0.12522448021567448,0.9194153301124397
8,100.0,C,1.1961830009060663,0.32384344284380867,0.8594643916873682
9,0.01,A,3.0322506739578516,1.052986432147398,0.6387406065479414
9,0.01,B,4.014663430013102,1.1787447922694432,0.5233424937285661
9,0.01,C,6.258093491066778,2.0815268799670177,0.2587053171654675
9,0.01373823795883263,A,2.9021962022144763,1.0135315742643733,0.6541576998234631
9,0.01373823795883263,B,3.9789689865579185,1.1982036984880589,0.527218566579014
9,0.01373823795883263,C,6.218657342968606,2.0828250308305383,0.2632195535282815
9,0.018873918221350976,A,2.7540631072833017,0.9635944559319728,0.6717885987906176
9,0.018873918221350976,B,3.9357008252511996,1.2213850854248087,0.5319315212141638
9,0.018873918221350976,C,6.169213029233182,2.0844577863191156,0.2688755111860511
9,0.02592943797404667,A,2.589913973164733,0.9035866236291913,0.6913940983326243
9,0.02592943797404667,B,3.883876248559156,1.247363053094092,0.5376081269812555
9,0.02592943797404667,C,6.108664620812619,2.0864209088738375,0.2757959677862279
9,0.035622478902624426,A,2.4131638891320533,0.8347060382368684,0.7125693556361246
9,0.035622478902624426,B,3.8221843807412994,1.274121346026574,0.5444239115702525
9,0.035622478902624426,C,6.036380774431008,2.0886227860489717,0.28405037930194516
9,0.04893900918477494,A,2.228270203393742,0.7586702857961422,0.734780347907648
9,0.04893900918477494,B,3.7488517604140754,1.2985365179203052,0.5526180950247488
9,0.04893900918477494,C,5.952203277826757,2.0908249162600354,0.29365539339137003
9,0.06723357536499334,A,2.04028049042717,0.6775347987062389,0.7574165470636818
9,0.06723357536499334,B,3.6617329098586247,1.3167527236653775,0.5624791817925439
9,0.06723357536499334,C,5.856202587303232,2.0925773160294696,0.30460543051954203
9,0.09236708571873861,A,1.8543594492051305,0.5937083393646203,0.7798463529853258
9,0.09236708571873861,B,3.558685596130642,1.324879402438019,0.5742952066929703
9,0.09236708571873861,C,5.748251693363313,2.0931646375137873,0.3169246205858042
9,0.12689610031679222,A,1.67538250071286,0.5100464992273782,0.8014664469742424
9,0.12689610031679222,B,3.4380991380947092,1.3197243820082596,0.5882863523789358
9,0.12689610031679222,C,5.627713886344276,2.091581759910645,0.33070472931259637
9,0.17433288221999882,A,1.5076072976961803,0.4297693641410305,0.8217445272799418
9,0.17433288221999882,B,3.2993351743508184,1.2992353693227383,0.6045502286524267
9,0.17433288221999882,C,5.493598030294875,2.086560244737518,0.34608667097424145
9,0.2395026619987486,A,1.3543830424834935,0.3560731637312293,0.8402591373349058
9,0.2395026619987486,B,3.1429160934656486,1.2625152471137568,0.6230394707724551
9,0.2395026619987486,C,5.345258182709095,2.076665318431051,0.36317590838393604
9,0.32903445623126676,A,1.2178930239464545,0.2915804212634324,0.8567347469907457
9,0.32903445623126676,B,2.9704772219866507,1.2095496778149282,0.6435682105056695
9,0.32903445623126676,C,5.183265727805173,2.060459870634471,0.3819355193346072
9,0.4520353656360243,A,1.0990092860219545,0.2379327471641323,0.8710607127546635
9,0.4520353656360243,B,2.7846203587253404,1.1409377359141086,0.6658292616407644
9,0.4520353656360243,C,5.009864370018677,2.0366800311612407,0.4021273828920898
9,0.6210169418915616,A,0.9973571419385017,0.1957249148431823,0.8832822899411384
9,0.6210169418915616,B,2.5887875791962514,1.0578584743515478,0.6894073048083866
9,0.6210169418915616,C,4.828640846280395,2.0043150597845782,0.4233465897889239
9,0.8531678524172805,A,0.9116005440265997,0.16469706608725182,0.8935638374652912
9,0.8531678524172805,B,2.387169248154082,0.9622915699939254,0.7137875358236172
9,0.8531678524172805,C,4.643506800321575,1.9624953397586056,0.445139693381613
9,1.1721022975334805,A,0.8398523543179021,0.14388701961026226,0.9021374036065002
9,1.1721022975334805,B,2.184571971924376,0.8572857423282352,0.7383706338840748
9,1.1721022975334805,C,4.457434524413946,1.9102154491995689,0.4671552909725082
9,1.6102620275609392,A,0.7800818200630307,0.13156642391242981,0.9092527793964058
9,1.6102620275609392,B,1.98615617533668,0.7469941481810886,0.7625063092647065
9,1.6102620275609392,C,4.271463979942894,1.846100156605933,0.48926474038152773
9,2.212216291070448,A,0.7304355704057434,0.12523597752088292,0.9151388286432578
9,2.212216291070448,B,1.797003962806891,0.6363264241225951,0.7855500579488106
9,2.212216291070448,C,4.084380924324235,1.7684910095828408,0.5116034680532278
9,3.039195382313198,A,0.6894456178211832,0.12206867979763424,0.9199786990326368
9,3.039195382313198,B,1.6215668370810667,0.5303005606202061,0.8069355670465954
9,3.039195382313198,C,3.893249593322186,1.6759720983241084,0.5345093094633042
9,4.175318936560401,A,0.6561265296669235,0.11962147318092355,0.9238982868865371
9,4.175318936560401,B,1.4631315622004295,0.4333490387102333,0.8262440051093796
9,4.175318936560401,C,3.694670881851072,1.5681576035303646,0.5583729842987154
9,5.736152510448681,A,0.6299713965434143,0.11632811921382144,0.9269666614581746
9,5.736152510448681,B,1.3234810140156847,0.348842252936378,0.8432474248749721
9,5.736152510448681,C,3.486297054360372,1.446358874682574,0.5834575820001608
9,7.880462815669913,A,0.61086702418131,0.11161119648180236,0.9292058799539333
9,7.880462815669913,B,1.2028751042978947,0.27894308602505563,0.8579109625272112
9,7.880462815669913,C,3.2679835241634065,1.3137807566431028,0.6097619935505636
9,10.82636733874054,A,0.5989682809585097,0.10573657774278902,0.9306053410972603
9,10.82636733874054,B,1.100349134731026,0.22467988621147073,0.8703548738101994
9,10.82636733874054,C,3.0421487094451694,1.1751254510108333,0.6369797745948824
9,14.873521072935118,A,0.5945852272598302,0.0995505698005702,0.9311344686737382
9,14.873521072935118,B,1.0142016487255234,0.18594521097457484,0.8807928464003687
9,14.873521072935118,C,2.813322953502564,1.0357557565666544,0.6645553491660315
9,20.433597178569418,A,0.5981322219529146,0.09416262658609605,0.9307483439130552
9,20.433597178569418,B,0.9424994494299739,0.16121303088662256,0.8894682267108511
9,20.433597178569418,C,2.5872046788136047,0.9007435266634359,0.6917989679312758
9,28.072162039411758,A,0.6101640407463365,0.09058822906241608,0.9293837372085904
9,28.072162039411758,B,0.883469433711095,0.14733715664065342,0.8966045111676731
9,28.072162039411758,C,2.3696192607544186,0.7741378862921807,0.7180124065355814
9,38.56620421163472,A,0.6314863319104248,0.08942142209514073,0.9269470360615315
9,38.56620421163472,B,0.8357192058288113,0.14018085239394695,0.9023775428788479
9,38.56620421163472,C,2.1656462827849143,0.6586547198384218,0.742592723315651
9,52.98316906283707,A,0.6632937528436407,0.09072287819418909,0.9232991165885043
9,52.98316906283707,B,0.7982867846838742,0.1359018626732033,0.9069095399923445
9,52.98316906283707,C,1.9790225191814557,0.5557882159256592,0.7651007752315392
9,72.78953843983146,A,0.7072812430789963,0.09424621219284496,0.9182430003693783
9,72.78953843983146,B,0.7705644449157,0.13188497268214505,0.9102792262123538
9,72.78953843983146,C,1.8118509954380393,0.4661739128192345,0.7852916833560258
9,100.0,A,0.7656966930665139,0.09983326083788484,0.9115177494115609
9,100.0,B,0.752180713268848,0.12699326286751725,0.912537162876688
9,100.0,C,1.6646247219274954,0.38998203580303126,0.8031081755657503
10,0.01,A,2.8877401197555033,0.7803563272703716,0.6572285479233461
10,0.01,B,3.6203237064293687,0.8768735635498147,0.5718982628120506
10,0.01,C,8.4997949493036,3.806280343181219,-0.01343212390043529
10,0.01373823795883263,A,2.817495624840619,0.7815476706166438,0.6653729173596932
10,0.01373823795883263,B,3.5953648716898385,0.8908463196571283,0.5745129343551236
10,0.01373823795883263,C,8.432870859708455,3.802811983473563,-0.005751825369628838
10,0.018873918221350976,A,2.733510110877096,0.7757909598373391,0.6751941143607698
10,0.018873918221350976,B,3.5659741210733045,0.9092355340030702,0.577584935083493
10,0.018873918221350976,C,8.348252139187073,3.79707993191919,0.003965229477111254
10,0.02592943797404667,A,2.635030551448789,0.7616694035517602,0.6867954829514185
10,0.02592943797404667,B,3.5320198115628214,0.9323356328549032,0.5811341145243617
10,0.02592943797404667,C,8.243555938763377,3.787591770742939,0.015999065563236027
10,0.035622478902624426,A,2.522147941509882,0.7382637672302081,0.70017712310231
10,0.035622478902624426,B,3.4931991824712028,0.959646149808529,0.5852092562689839
10,0.035622478902624426,C,8.117034218450407,3.7720202559297054,0.030561673716281445
10,0.04893900918477494,A,2.3958476034910663,0.7051931314310829,0.7152290267726557
10,0.04893900918477494,B,3.4488166920604173,0.9896195577161232,0.5899143884938185
10,0.04893900918477494,C,7.967634573509029,3.7469674496124092,0.0477922810290759
10,0.06723357536499334,A,2.2579577673932443,0.6626705445034969,0.7317357226189038
10,0.06723357536499334,B,3.397724611146235,1.0197363645446353,0.5954134735313257
10,0.06723357536499334,C,7.7946406793565775,3.707903017161779,0.06780064043251084
10,0.09236708571873861,A,2.1110577166971547,0.6116176294846449,0.7493853512095734
10,0.09236708571873861,B,3.3385355730536608,1.0469545427032723,0.6019010623080587
10,0.09236708571873861,C,7.596965520104422,3.6494937534992506,0.09074841319817735
10,0.12689610031679222,A,1.9583785932554796,0.5537874148475642,0.767780351764485
10,0.12689610031679222,B,3.270019373973503,1.0683161888985346,0.6095511106511673
10,0.12689610031679222,C,7.372613371311073,3.5665068684501087,0.11690719469346153
10,0.17433288221999882,A,1.8036817637537883,0.4917719154022251,0.7864528904971889
10,0.17433288221999882,B,3.1914297602764643,1.0813648927027932,0.6184760128835544
10,0.17433288221999882,C,7.11906740123072,3.455269962296111,0.14660469470916457
10,0.2395026619987486,A,1.6510598105404886,0.4287926719068823,0.804891958923353
10,0.2395026619987486,B,3.102539493358105,1.0841781700707904,0.6287226956418722
10,0.2395026619987486,C,6.834953818381284,3.3153253110423764,0.18002006225564635
10,0.32903445623126676,A,1.5046079810389015,0.36829475571638187,0.822587145672825
10,0.32903445623126676,B,3.003376877558689,1.075121151547325,0.6403053119584403
10,0.32903445623126676,C,6.522377585900969,3.1505761089605144,0.2169032342659018
10,0.4520353656360243,A,1.3679772539632995,0.3134872854520614,0.8390856054293332
10,0.4520353656360243,B,2.8938787952915623,1.0526243406092812,0.6532469446353761
10,0.4520353656360243,C,6.188587481497201,2.969161406152121,0.256379836310349
10,0.6210169418915616,A,1.243913345921841,0.26696756836684465,0.8540483134276615
10,0.6210169418915616,B,2.7737423670546617,1.015254460130699,0.6675954771837104
10,0.6210169418915616,C,5.845818403486099,2.7817537507540244,0.29697816078564143
10,0.8531678524172805,A,1.1339412396504736,0.23042133794723263,0.8672868488478901
10,0.8531678524172805,B,2.642635089236898,0.9621458956722401,0.6833948244059783
10,0.8531678524172805,C,5.509166893330842,2.598830800471056,0.33689184380562737
10,1.1721022975334805,A,1.0383212040526557,0.20428289261039,0.8787672118072546
10,1.1721022975334805,B,2.5007004165560964,0.8936278281669755,0.7006205145063914
10,1.1721022975334805,C,5.193376055959672,2.428130070010667,0.3743690509975265
10,1.6102620275609392,A,0.9562922648656531,0.18741275717315753,0.8885801214866111
10,1.6102620275609392,B,2.349111617271924,0.8117369903089188,0.719111105841994
10,1.6102620275609392,C,4.909740928063889,2.273352231778792,0.40808095607367206
10,2.212216291070448,A,0.8865035464991179,0.1772000238138949,0.8968899032520801
10,2.212216291070448,B,2.1903854491539994,0.7203192609892181,0.7385315756259839
10,2.212216291070448,C,4.664008527280741,2.1343372172016015,0.43736625072146545
10,3.039195382313198,A,0.8274818786289109,0.17034654126898796,0.9038793192533161
10,3.039195382313198,B,2.028284346035861,0.6246013483575461,0.7583897319726566
10,3.039195382313198,C,4.455652866643303,2.0081775212627595,0.46230993063889514
10,4.175318936560401,A,0.7780063572385751,0.163910144421263,0.9097048716537983
10,4.175318936560401,B,1.8673344648497985,0.5303787970520546,0.7781012774034403
10,4.175318936560401,C,4.278570970340761,1.8906065564616816,0.4836542024146048
10,5.736152510448681,A,0.7373186634789111,0.15601015484619976,0.9144706830605973
10,5.736152510448681,B,1.7121444479728065,0.4431585523143588,0.7970788787904685
10,5.736152510448681,C,4.122954884506518,1.7772819671284592,0.5025720457581164
10,7.880462815669913,A,0.7051559706402879,0.1460276261645881,0.9182227899357918
10,7.880462815669913,B,1.5667471874653465,0.36754647289993486,0.8148160154028187
10,7.880462815669913,C,3.977748524151655,1.6647888167356026,0.52037359179323
10,10.82636733874054,A,0.681642038294328,0.13443039849332183,0.9209602211011724
10,10.82636733874054,B,1.4341277689549818,0.3068674023494001,0.8309448908939838
10,10.82636733874054,C,3.8329178611664254,1.5512166987327856,0.538236636067139
10,14.873521072935118,A,0.6671099281731421,0.12240019943929727,0.9226546792906157
10,14.873521072935118,B,1.3160188906341443,0.2627015579276593,0.8452592877804918
10,14.873521072935118,C,3.680968095179728,1.436221516627521,0.557028472838075
10,20.433597178569418,A,0.6619454503544311,0.11141521330973374,0.9232684973522259
10,20.433597178569418,B,1.2129729699475054,0.23420048461888401,0.8577026813384633
10,20.433597178569418,C,3.517587610062853,1.32066730335933,0.5772330247812099
10,28.072162039411758,A,0.6665231767676912,0.10286655610128326,0.9227622971176093
10,28.072162039411758,B,1.124651239567674,0.21787148277565394,0.8683299882017701
10,28.072162039411758,C,3.3416254081786305,1.2061335165737614,0.5989577256945727
10,38.56620421163472,A,0.6812612491451683,0.09769958979340888,0.9210890342937329
10,38.56620421163472,B,1.0502167266968396,0.20869170903788375,0.8772573436260757
10,38.56620421163472,C,3.1546500824539025,1.0945840114321126,0.6219893702182797
10,52.98316906283707,A,0.7067669174114808,0.09613216034546593,0.9181775490906257
10,52.98316906283707,B,0.9887085748819157,0.20193709030133994,0.8846151753142386
10,52.98316906283707,C,2.9602418334040506,0.9882841322391523,0.6458802089265836
10,72.78953843983146,A,0.7440064566547391,0.0976748427025851,0.9139133401876063
10,72.78953843983146,B,0.9393120455832442,0.19437228632885523,0.890515024738898
10,72.78953843983146,C,2.7631300950874116,0.8897880653546018,0.6700511466867429
10,100.0,A,0.7944289968971618,0.10155632968953959,0.9081247974528172
10,100.0,B,0.9014959711243848,0.18451128499984829,0.8950331354809323
10,100.0,C,2.5683196877636854,0.8017138382857448,0.6938955913461211
