degree,alpha,prep,cv_mse
1,0.0,A_OLS,8.168524602939055
1,1e-08,A,8.16852460293533
1,1e-08,B,8.168524602937163
1,1e-08,C,8.168524602937163
1,1e-07,A,8.168524602901803
1,1e-07,B,8.168524602920147
1,1e-07,C,8.168524602920147
1,1e-06,A,8.168524602566531
1,1e-06,B,8.16852460275
1,1e-06,C,8.16852460275
1,1e-05,A,8.168524599213857
1,1e-05,B,8.168524601048505
1,1e-05,C,8.168524601048505
1,0.0001,A,8.168524565687118
1,0.0001,B,8.168524584033573
1,0.0001,C,8.168524584033573
1,0.001,A,8.168524230424932
1,0.001,B,8.168524413885574
1,0.001,C,8.168524413885574
1,0.01,A,8.168520878322012
1,0.01,B,8.168522712537584
1,0.01,C,8.168522712537584
1,0.1,A,8.168487409154256
1,0.1,B,8.168505712253456
1,0.1,C,8.168505712253456
1,1.0,A,8.168157871871852
1,1.0,B,8.168337024885611
1,1.0,C,8.168337024885611
1,10.0,A,8.165347808538678
1,10.0,B,8.16677770410485
1,10.0,C,8.16677770410485
1,100.0,A,8.1663496909139
1,100.0,B,8.160810078071531
1,100.0,C,8.160810078071531
1,1000.0,A,8.382612384972969
1,1000.0,B,8.277621773250045
1,1000.0,C,8.277621773250045
1,10000.0,A,8.680298976952324
1,10000.0,B,8.621726146825143
1,10000.0,C,8.621726146825143
2,0.0,A_OLS,2.797200276973316
2,1e-08,A,2.7972002769610835
2,1e-08,B,2.797200276970343
2,1e-08,C,2.797200276969912
2,1e-07,A,2.7972002768509965
2,1e-07,B,2.797200276943589
2,1e-07,C,2.797200276939284
2,1e-06,A,2.7972002757501278
2,1e-06,B,2.7972002766760506
2,1e-06,C,2.797200276633009
2,1e-05,A,2.797200264741471
2,1e-05,B,2.797200274000672
2,1e-05,C,2.7972002735702572
2,0.0001,A,2.7972001546578236
2,0.0001,B,2.79720024724705
2,0.0001,C,2.797200242942954
2,0.001,A,2.7971990541135643
2,0.001,B,2.7971999797268787
2,0.001,C,2.7971999366906846
2,0.01,A,2.797188077885779
2,0.01,B,2.7971973061307054
2,0.01,C,2.797196876244638
2,0.1,A,2.7970812308039372
2,0.1,B,2.797170730641919
2,0.1,C,2.797166479333258
2,1.0,A,2.7962981094164574
2,1.0,B,2.796920942269794
2,1.0,C,2.7968831495207676
2,10.0,A,2.81180847471383
2,10.0,B,2.7959423457858508
2,10.0,C,2.7960034841201407
2,100.0,A,3.5526340397915925
2,100.0,B,2.8845986507136967
2,100.0,C,2.9085181874867154
2,1000.0,A,6.562138911946465
2,1000.0,B,4.511548646280249
2,1000.0,C,4.7023117364810165
2,10000.0,A,8.400112291343557
2,10000.0,B,7.580028267140163
2,10000.0,C,7.6691339626347315
3,0.0,A_OLS,0.9242534699681076
3,1e-08,A,0.9242534698640528
3,1e-08,B,0.9242534699442164
3,1e-08,C,0.9242534699500107
3,1e-07,A,0.9242534689275571
3,1e-07,B,0.9242534697291948
3,1e-07,C,0.9242534697871282
3,1e-06,A,0.9242534595625946
3,1e-06,B,0.9242534675789698
3,1e-06,C,0.9242534681583038
3,1e-05,A,0.9242533659132292
3,1e-05,B,0.9242534460767471
3,1e-05,C,0.9242534518700793
3,0.0001,A,0.9242524294459746
3,0.0001,B,0.924253231056692
3,0.0001,C,0.9242532889892955
3,0.001,A,0.9242430674121087
3,0.001,B,0.9242510810729131
3,0.001,C,0.9242516603277986
3,0.01,A,0.9241497106069975
3,0.01,B,0.9242296028990712
3,0.01,C,0.9242353883395948
3,0.1,A,0.9232421660038138
3,0.1,B,0.9240169737833073
3,0.1,C,0.9240741238997389
3,1.0,A,0.9164805295082992
3,1.0,B,0.9220930734866245
3,1.0,C,0.9226001823463621
3,10.0,A,0.9568464634345961
3,10.0,B,0.9155337405111528
3,10.0,C,0.917384486377907
3,100.0,A,2.109226264016787
3,100.0,B,1.1039777359467897
3,100.0,C,1.107924365772918
3,1000.0,A,5.718708574371513
3,1000.0,B,3.064271336732198
3,1000.0,C,3.1941917576307035
3,10000.0,A,8.129186755212817
3,10000.0,B,6.763050851865347
3,10000.0,C,6.711528595415975
4,0.0,A_OLS,0.7357994782534938
4,1e-08,A,0.7357994773270475
4,1e-08,B,0.7357994781269162
4,1e-08,C,0.7357994781611865
4,1e-07,A,0.7357994689890456
4,1e-07,B,0.7357994769877152
4,1e-07,C,0.7357994773304565
4,1e-06,A,0.7357993856090799
4,1e-06,B,0.7357994655957092
4,1e-06,C,0.7357994690231137
4,1e-05,A,0.7357985518166595
4,1e-05,B,0.7357993516758636
4,1e-05,C,0.7357993859499028
4,0.0001,A,0.735790214615188
4,0.0001,B,0.7357982124988419
4,0.0001,C,0.7357985552334588
4,0.001,A,0.7357069148049608
4,0.001,B,0.7357868228741713
4,0.001,C,0.735790249637535
4,0.01,A,0.7348810714269336
4,0.01,B,0.7356731407750363
4,0.01,C,0.7357073502423499
4,0.1,A,0.727278490412984
4,0.1,B,0.7345573349253285
4,0.1,C,0.7348937348549877
4,1.0,A,0.6867053005709658
4,1.0,B,0.7251703786690671
4,1.0,C,0.7280613145579492
4,10.0,A,0.713312780664424
4,10.0,B,0.6970660331206393
4,10.0,C,0.7073469476859493
4,100.0,A,1.40348923653083
4,100.0,B,0.8382457039224807
4,100.0,C,0.7863535646013269
4,1000.0,A,4.1675921688998
4,1000.0,B,1.8343509454530404
4,1000.0,C,1.506595353870468
4,10000.0,A,7.546416008369084
4,10000.0,B,5.058260115421953
4,10000.0,C,4.098098401216265
5,0.0,A_OLS,1.1219397347633258
5,1e-08,A,1.1219396134008583
5,1e-08,B,1.121939717559876
5,1e-08,C,1.1219397266933537
5,1e-07,A,1.1219385211406703
5,1e-07,B,1.1219395627283466
5,1e-07,C,1.121939654065963
5,1e-06,A,1.1219275987498265
5,1e-06,B,1.121938014415796
5,1e-06,C,1.121938927792069
5,1e-05,A,1.121818396183086
5,1e-05,B,1.1219225318166617
5,1e-05,C,1.1219316651633189
5,0.0001,A,1.1207284998935476
5,0.0001,B,1.1217677578753347
5,0.0001,C,1.1218590501883017
5,0.001,A,1.1100380577275835
5,0.001,B,1.120225203487736
5,0.001,C,1.1211340296097878
5,0.01,A,1.0203672175196572
5,0.01,B,1.10529877354137
5,0.01,C,1.113994741799601
5,0.1,A,0.6939860723078842
5,0.1,B,0.9922212148636325
5,0.1,C,1.0520260750237878
5,1.0,A,0.4445783602972292
5,1.0,B,0.6739764867554932
5,1.0,C,0.7889465178864542
5,10.0,A,0.48858838366832263
5,10.0,B,0.46247441998814054
5,10.0,C,0.5215717019762864
5,100.0,A,1.0134918043781913
5,100.0,B,0.5448515229115797
5,100.0,C,0.4983028343226315
5,1000.0,A,3.52166049781803
5,1000.0,B,1.301150662076341
5,1000.0,C,0.9150129457518806
5,10000.0,A,7.102158037211761
5,10000.0,B,4.214916407385721
5,10000.0,C,3.044700471643092
6,1e-08,A,776.4615737118659
6,1e-08,B,833.5668129538542
6,1e-08,C,827.736288522526
6,1e-07,A,761.514579322278
6,1e-07,B,832.1226228112719
6,1e-07,C,827.1978984616832
6,1e-06,A,641.8190217156282
6,1e-06,B,817.9887322464654
6,1e-06,C,821.8571486903936
6,1e-05,A,286.1829305874225
6,1e-05,B,701.7527565780335
6,1e-05,C,772.4369413697844
6,0.0001,A,78.88699617684088
6,0.0001,B,322.3028275647642
6,0.0001,C,497.1227994122106
6,0.001,A,17.828277296987586
6,0.001,B,84.23422804663113
6,0.001,C,155.69790566704125
6,0.01,A,4.242947025537061
6,0.01,B,19.274185642838468
6,0.01,C,39.07184440500066
6,0.1,A,1.1735862495775877
6,0.1,B,4.579675526992806
6,0.1,C,9.626062703559779
6,1.0,A,0.5627773932507203
6,1.0,B,1.3931314924667766
6,1.0,C,2.4303159476331375
6,10.0,A,0.510261480070852
6,10.0,B,0.651639644252555
6,10.0,C,0.9510376662713955
6,100.0,A,0.9020762033085059
6,100.0,B,0.5879454330378105
6,100.0,C,0.6245486640222809
6,1000.0,A,2.7200184748067366
6,1000.0,B,1.1002020462464355
6,1000.0,C,0.7879986742377797
6,10000.0,A,6.4227115165822894
6,10000.0,B,3.161152300154428
6,10000.0,C,1.7061722856332828
7,1e-08,A,9.542734277977319
7,1e-08,B,11.603560084154106
7,1e-08,C,11.943899679800367
7,1e-07,A,9.542340636917974
7,1e-07,B,11.603511684471396
7,1e-07,C,11.943889732319851
7,1e-06,A,9.538408017182611
7,1e-06,B,11.60302772751162
7,1e-06,C,11.943790261372172
7,1e-05,A,9.499455337688378
7,1e-05,B,11.598193316654143
7,1e-05,C,11.942795792164638
7,0.0001,A,9.142835000823544
7,0.0001,B,11.550356233242264
7,0.0001,C,11.932874289673434
7,0.001,A,7.0982506023353364
7,0.001,B,11.116237370982741
7,0.001,C,11.835908318777959
7,0.01,A,3.4394375585280614
7,0.01,B,8.703770767258979
7,0.01,C,11.03842895803147
7,0.1,A,1.2804703836679008
7,0.1,B,4.257130787882732
7,0.1,C,7.827712139591801
7,1.0,A,0.6383709492646984
7,1.0,B,1.5478479853801326
7,1.0,C,3.4873276105209308
7,10.0,A,0.5002328438175078
7,10.0,B,0.7483768248356086
7,10.0,C,1.3043887555797469
7,100.0,A,0.7905187871713008
7,100.0,B,0.5838503328755003
7,100.0,C,0.7735618266443676
7,1000.0,A,2.4111186173247967
7,1000.0,B,0.956643938102288
7,1000.0,C,0.7236649868228838
7,10000.0,A,5.974265269212961
7,10000.0,B,2.7850870577238815
7,10000.0,C,1.331317442268619
8,1e-08,A,4.378872435922293
8,1e-08,B,4.857608859361368
8,1e-08,C,6.072380894088052
8,1e-07,A,4.3788499596202
8,1e-07,B,4.8576064850566
8,1e-07,C,6.072379906288002
8,1e-06,A,4.378625240935391
8,1e-06,B,4.857582740490189
8,1e-06,C,6.072370026817536
8,1e-05,A,4.37638240708524
8,1e-05,B,4.857345348596429
8,1e-05,C,6.07227124440809
8,0.0001,A,4.354377238709758
8,0.0001,B,4.85497685683484
8,0.0001,C,6.071284659861172
8,0.001,A,4.167333714149903
8,0.001,B,4.831815602228471
8,0.001,C,6.061540453472587
8,0.01,A,3.279418914675797
8,0.01,B,4.639104577251238
8,0.01,C,5.974368265361575
8,0.1,A,1.6752518161820533
8,0.1,B,3.7403085332040162
8,0.1,C,5.470865362805002
8,1.0,A,0.8019541796253838
8,1.0,B,2.0311799138298383
8,1.0,C,3.9457213506982436
8,10.0,A,0.5656453644119686
8,10.0,B,0.9848556484152713
8,10.0,C,2.1637273758738074
8,100.0,A,0.7874815649913621
8,100.0,B,0.69434084730905
8,100.0,C,1.1961830009060663
8,1000.0,A,2.067040884942547
8,1000.0,B,0.9525276783421519
8,1000.0,C,0.8620204835108
8,10000.0,A,5.3772883568863925
8,10000.0,B,2.335669208151997
8,10000.0,C,1.0970379277714177
9,1e-08,A,3.5860512816581207
9,1e-08,B,4.139914198025288
9,1e-08,C,6.3819114157849395
9,1e-07,A,3.586042771064098
9,1e-07,B,4.139912775569801
9,1e-07,C,6.381910156815083
9,1e-06,A,3.5859576747733177
9,1e-06,B,4.139898551498163
9,1e-06,C,6.381897567440409
9,1e-05,A,3.5851076806717233
9,1e-05,B,4.139756350485172
9,1e-05,C,6.381771690547469
9,0.0001,A,3.576702582204239
9,0.0001,B,4.138338324869553
9,0.0001,C,6.380514560937092
9,0.001,A,3.500498041171037
9,0.001,B,4.124542538633289
9,0.001,C,6.368104898078842
9,0.01,A,3.0322506739578516
9,0.01,B,4.014663430013102
9,0.01,C,6.258093491066778
9,0.1,A,1.8087850320970982
9,0.1,B,3.5302272856386994
9,0.1,C,5.719333661289868
9,1.0,A,0.8741032521912283
9,1.0,B,2.285674493327917
9,1.0,C,4.550469879661405
9,10.0,A,0.6012523648607635
9,10.0,B,1.1243710785557193
9,10.0,C,3.0990929378693197
9,100.0,A,0.7656966930665139
9,100.0,B,0.7521807132688481
9,100.0,C,1.6646247219274954
9,1000.0,A,1.9367670162678259
9,1000.0,B,0.9306474637335436
9,1000.0,C,1.061313021685621
9,10000.0,A,5.044389272185192
9,10000.0,B,2.197706100789236
9,10000.0,C,1.0578742062920052
10,1e-08,A,3.1721401316892432
10,1e-08,B,3.712058677905739
10,1e-08,C,8.706665254969613
10,1e-07,A,3.172135486200539
10,1e-07,B,3.712057609281037
10,1e-07,C,8.706663176413944
10,1e-06,A,3.172089037806723
10,1e-06,B,3.7120469236456963
10,1e-06,C,8.706642391350025
10,1e-05,A,3.171625195361385
10,1e-05,B,3.711940099639075
10,1e-05,C,8.706434563495396
10,0.0001,A,3.1670495566080876
10,0.0001,B,3.710875080382904
10,0.0001,C,8.70435871871754
10,0.001,A,3.126445943817129
10,0.001,B,3.7005364514130425
10,0.001,C,8.683840325489886
10,0.01,A,2.8877401197555033
10,0.01,B,3.6203237064293687
10,0.01,C,8.499794949303599
10,0.1,A,2.0732907087671424
10,0.1,B,3.3223198784497634
10,0.1,C,7.543476324374682
10,1.0,A,1.0843653361682626
10,1.0,B,2.572977447848922
10,1.0,C,5.347846288767113
10,10.0,A,0.6866933552717053
10,10.0,B,1.4659683040030742
10,10.0,C,3.8695524424406784
10,100.0,A,0.7944289968971618
10,100.0,B,0.9014959711243851
10,100.0,C,2.568319687763685
10,1000.0,A,1.7887958219559963
10,1000.0,B,0.9880631030584601
10,1000.0,C,1.4939846959494203
10,10000.0,A,4.580271655295998
10,10000.0,B,2.0123996746085973
10,10000.0,C,1.127615989657849
